Date,Species,Code,Lincomycin,Treatment_min,Treatment_ue,Index,Int,Date,Time,ELED A,ELED B,ELED C,PMT eht,ADC,dbar,PAR,Fo(F'),Fm('),Fv(Fq'),Fv/Fm(Fq'/Fm'),p('),RSigma('),Sigma('),Fa('),Fmr('),Tau('),Fm (link),Fo' (link),NPQ,NSV,F'/Fm,1-qP,rP,[RCII],JPII,JVPII,aLHII,[Chl],GPS,,,,SE,Note,LEDa °C,LEDb °C,LEDc °C,RAW S,RAW B
20190902,To,To(-),0,0,1200,21,150,2019-09-02,09:27:29,1.6,,,258,59.8,-0.35,0,91.22,208,116.8,0.562,0.461,0.0692,4.32,151.8,188.5,450,,,,0.79,,,,413.5,,,1.917,729.7,0,0,0° 0.000' N,0° 0.000' E,0.14,,42.19,39.68,38.28,,
20190902,To,,0,0,1200,22,150,2019-09-02,09:27:39,1.6,,,258,59.8,-0.35,0,91.75,207.7,115.9,0.558,0.482,0.0706,4.41,152.1,189.3,446,,,,0.79,,,,407.7,,,1.939,734,0,0,0° 0.000' N,0° 0.000' E,0.13,,42.19,39.74,38.22,,
20190902,To,,0,0,1200,23,150,2019-09-02,09:27:56,1.6,,,258,59.7,-0.35,0,91.8,208.3,116.5,0.559,0.467,0.0692,4.33,151.5,187.9,450,,,,0.798,,,,415.6,,,1.937,734.4,0,0,0° 0.000' N,0° 0.000' E,0.15,,42.19,39.63,38.33,,
20190902,To,,0,0,1200,24,150,2019-09-02,09:28:05,1.6,,,258,59.8,-0.35,0,92.44,208.2,115.7,0.556,0.471,0.0696,4.35,152.1,189.5,447,,,,0.796,,,,416.6,,,1.962,739.5,0,0,0° 0.000' N,0° 0.000' E,0.13,,42.19,39.68,38.28,,
20190902,To,,0,0,1200,25,150,2019-09-02,09:28:17,1.6,,,258,59.9,-0.35,0,92.27,208.1,115.9,0.557,0.481,0.0711,4.44,152.4,189.2,444,,,,0.935,,,,407.1,,,1.956,738.1,0,0,0° 0.000' N,0° 0.000' E,0.11,,42.19,39.74,38.28,,
20190902,To,,,,,,,,,,,,,,,,91.896,,,0.5584,,,4.37,,,,,,,,,,,,,,,,,,,,,,,,,,
20190902,To,To (+),1,0,1200,46,150,2019-09-02,10:11:26,1.6,,,258,67.3,-0.33,0,106.9,232.3,125.4,0.54,0.446,0.0684,4.27,175.2,213.9,462,,,0.94,2.058,,,,490.3,,,2.336,855.2,0,0,0° 0.000' N,0° 0.000' E,0.11,,42.35,39.84,38.48,,
20190902,To,,1,0,1200,47,150,2019-09-02,10:11:39,1.6,,,258,67.7,-0.33,0,107.4,233.2,125.8,0.54,0.446,0.068,4.25,176.8,215.4,467,,,0.94,2.051,,,,494.9,,,2.348,858.9,0,0,0° 0.000' N,0° 0.000' E,0.12,,42.4,39.84,38.48,,
20190902,To,,1,0,1200,48,150,2019-09-02,10:11:49,1.6,,,258,68.1,-0.35,0,107.7,233.7,126,0.539,0.439,0.0682,4.26,178.3,216.6,467,,,0.93,2.046,,,,495.3,,,2.356,861.4,0,0,0° 0.000' N,0° 0.000' E,0.15,,42.4,39.84,38.48,,
20190902,To,,1,0,1200,49,150,2019-09-02,10:11:58,1.6,,,258,68.6,-0.35,0,108,235.3,127.3,0.541,0.44,0.068,4.25,179.7,217.6,473,,,0.92,2.032,,,,498,,,2.356,864,0,0,0° 0.000' N,0° 0.000' E,0.13,,42.4,39.89,38.48,,
20190902,To,,1,0,1200,50,150,2019-09-02,10:12:09,1.6,,,258,68.4,-0.33,0,107.7,235.4,127.7,0.543,0.441,0.0686,4.29,179.1,217.3,466,,,0.92,2.031,,,,492,,,2.342,861.6,0,0,0° 0.000' N,0° 0.000' E,0.09,,42.35,39.89,38.54,,
20190902,To,,,,,,,,,,,,,,,,107.54,,,0.5406,,,4.264,,,,,,,,,,,,,,,,,,,,,,,,,,
20190902,To,To(-) 30min,0,30,1200,52,150,2019-09-02,10:27:54,1.6,,,268,57.2,-0.35,0,91.91,125.7,33.81,0.269,0.258,0.0799,4.99,113.3,122.6,408,,,2.59,3.803,,,,360.8,,,4.033,735.3,0,0,0° 0.000' N,0° 0.000' E,0.18,,42.29,39.68,38.43,,
20190902,To,,0,30,1200,53,150,2019-09-02,10:28:04,1.6,,,268,57.3,-0.35,0,91.81,126.3,34.45,0.273,0.255,0.0795,4.97,113.1,123.4,401,,,2.58,3.787,,,,361.9,,,3.971,734.5,0,0,0° 0.000' N,0° 0.000' E,0.19,,42.29,39.79,38.48,,
20190902,To,,0,30,1200,54,150,2019-09-02,10:28:14,1.6,,,268,57.7,-0.35,0,92.16,127.5,35.31,0.277,0.27,0.0813,5.08,114.1,124.1,404,,,2.54,3.751,,,,355.5,,,3.926,737.3,0,0,0° 0.000' N,0° 0.000' E,0.15,,42.35,39.74,38.38,,
20190902,To,,0,30,1200,55,150,2019-09-02,10:28:24,1.6,,,268,58.2,-0.35,0,92.95,128.9,35.93,0.279,0.279,0.0811,5.07,115.4,125.4,402,,,2.5,3.71,,,,359.2,,,3.934,743.6,0,0,0° 0.000' N,0° 0.000' E,0.15,,42.35,39.84,38.43,,
20190902,To,,0,30,1200,56,150,2019-09-02,10:28:34,1.6,,,268,58.7,-0.35,0,93.41,130.3,36.89,0.283,0.283,0.0821,5.13,116.4,127.2,397,,,2.47,3.67,,,,356.7,,,3.893,747.3,0,0,0° 0.000' N,0° 0.000' E,0.13,,42.35,39.84,38.43,,
20190902,To,,0,30,1200,57,150,2019-09-02,10:28:44,1.6,,,268,59.2,-0.35,0,93.94,131.8,37.82,0.287,0.283,0.0816,5.1,117.4,128.4,399,,,2.43,3.629,,,,361.1,,,3.862,751.5,0,0,0° 0.000' N,0° 0.000' E,0.14,,42.35,39.79,38.38,,
20190902,To,,0,30,1200,58,150,2019-09-02,10:28:54,1.6,,,268,59.6,-0.33,0,94.35,133.1,38.72,0.291,0.275,0.0816,5.1,118.3,129,403,,,2.39,3.593,,,,362.6,,,3.826,754.8,0,0,0° 0.000' N,0° 0.000' E,0.14,,42.35,39.84,38.38,,
20190902,To,,0,30,1200,59,150,2019-09-02,10:29:04,1.6,,,268,60,-0.35,0,94.81,134.3,39.45,0.294,0.294,0.0819,5.12,119.1,130.4,400,,,2.36,3.561,,,,362.8,,,3.807,758.5,0,0,0° 0.000' N,0° 0.000' E,0.17,,42.35,39.84,38.38,,
20190902,To,,0,30,1200,60,150,2019-09-02,10:29:14,1.6,,,268,60.5,-0.35,0,95.13,135.5,40.38,0.298,0.278,0.0824,5.15,120.2,131.8,395,,,2.33,3.529,,,,361.9,,,3.767,761,0,0,0° 0.000' N,0° 0.000' E,0.12,,42.35,39.84,38.43,,
20190902,To,,0,30,1200,61,150,2019-09-02,10:29:24,1.6,,,268,60.8,-0.35,0,95.45,136.5,41.08,0.301,0.297,0.0832,5.2,121,132.5,395,,,2.31,3.502,,,,359.5,,,3.743,763.6,0,0,0° 0.000' N,0° 0.000' E,0.22,,42.35,39.84,38.43,,
20190902,To,,0,30,1200,62,150,2019-09-02,10:29:34,1.6,,,268,61.2,-0.35,0,95.77,137.6,41.87,0.304,0.292,0.0835,5.22,121.7,133.8,394,,,2.28,3.474,,,,359.7,,,3.715,766.1,0,0,0° 0.000' N,0° 0.000' E,0.18,,42.35,39.84,38.43,,
20190902,To,,0,30,1200,63,150,2019-09-02,10:29:44,1.6,,,268,61.5,-0.35,0,96.4,138.8,42.4,0.305,0.297,0.0819,5.12,122.5,135.1,394,,,2.25,3.445,,,,368.9,,,3.724,771.2,0,0,0° 0.000' N,0° 0.000' E,0.13,,42.35,39.89,38.48,,
20190902,To,,0,30,1200,64,150,2019-09-02,10:29:54,1.6,,,268,61.8,-0.35,0,96.74,139.7,42.91,0.307,0.307,0.0827,5.17,123.1,135.9,393,,,2.23,3.424,,,,366.7,,,3.715,773.9,0,0,0° 0.000' N,0° 0.000' E,0.17,,42.35,39.95,38.43,,
20190902,To,,0,30,1200,65,150,2019-09-02,10:30:04,1.6,,,268,62.1,-0.35,0,96.6,140.4,43.8,0.312,0.308,0.0828,5.18,123.8,136,399,,,2.22,3.406,,,,365.6,,,3.654,772.8,0,0,0° 0.000' N,0° 0.000' E,0.17,,42.35,39.95,38.43,,
20190902,To,,0,30,1200,66,150,2019-09-02,10:30:14,1.6,,,268,62.3,-0.35,0,96.66,141.2,44.54,0.315,0.299,0.0828,5.17,124.3,136.8,397,,,2.2,3.386,,,,366.2,,,3.616,773.3,0,0,0° 0.000' N,0° 0.000' E,0.16,,42.35,39.89,38.43,,
20190902,To,,0,30,1200,67,150,2019-09-02,10:30:24,1.6,,,268,62.6,-0.35,0,97.02,142,44.98,0.317,0.296,0.0833,5.21,125,138.1,388,,,2.18,3.367,,,,365,,,3.614,776.1,0,0,0° 0.000' N,0° 0.000' E,0.14,,42.35,39.95,38.48,,
20190902,To,,0,30,1200,68,150,2019-09-02,10:30:34,1.6,,,268,62.9,-0.35,0,97.67,142.7,45.07,0.316,0.328,0.0832,5.2,125.2,138,401,,,2.16,3.35,,,,367.9,,,3.65,781.4,0,0,0° 0.000' N,0° 0.000' E,0.14,,42.35,39.95,38.48,,
20190902,To,,0,30,1200,69,150,2019-09-02,10:30:44,1.6,,,268,63.1,-0.35,0,97.39,143.6,46.18,0.322,0.3,0.083,5.19,125.7,138.9,396,,,2.15,3.331,,,,367.7,,,3.573,779.2,0,0,0° 0.000' N,0° 0.000' E,0.18,,42.35,39.89,38.54,,
20190902,To,,0,30,1200,70,150,2019-09-02,10:30:54,1.6,,,268,63.3,-0.35,0,97.29,144.3,46.96,0.326,0.308,0.0841,5.26,126.2,140.2,387,,,2.13,3.315,,,,362.8,,,3.526,778.3,0,0,0° 0.000' N,0° 0.000' E,0.18,,42.4,39.95,38.48,,
20190902,To,,0,30,1200,71,150,2019-09-02,10:31:04,1.6,,,268,63.5,-0.35,0,97.85,144.9,47.04,0.325,0.312,0.0835,5.22,126.7,140.2,394,,,2.12,3.3,,,,367.3,,,3.557,782.8,0,0,0° 0.000' N,0° 0.000' E,0.14,,42.4,39.89,38.54,,
20190902,To,,0,30,1200,72,150,2019-09-02,10:31:14,1.6,,,268,63.8,-0.35,0,97.78,145.5,47.69,0.328,0.315,0.0839,5.25,127.2,140.6,395,,,2.1,3.287,,,,365.2,,,3.519,782.2,0,0,0° 0.000' N,0° 0.000' E,0.13,,42.4,39.95,38.48,,
20190902,To,,0,30,1200,73,150,2019-09-02,10:31:24,1.6,,,268,64,-0.35,0,98.27,146.2,47.93,0.328,0.323,0.0832,5.2,127.5,141.7,393,,,2.09,3.271,,,,370.3,,,3.537,786.2,0,0,0° 0.000' N,0° 0.000' E,0.14,,42.35,39.89,38.48,,
20190902,To,,0,30,1200,74,150,2019-09-02,10:31:34,1.6,,,268,64.2,-0.35,0,98.07,146.8,48.78,0.332,0.319,0.0835,5.22,128,142.3,390,,,2.08,3.256,,,,368.3,,,3.484,784.6,0,0,0° 0.000' N,0° 0.000' E,0.14,,42.4,39.95,38.48,,
20190902,To,,0,30,1200,75,150,2019-09-02,10:31:44,1.6,,,268,64.4,-0.35,0,98.58,147.5,48.88,0.331,0.336,0.0831,5.19,128.6,142.4,400,,,2.06,3.243,,,,372,,,3.509,788.6,0,0,0° 0.000' N,0° 0.000' E,0.19,,42.4,39.95,38.48,,
20190902,To,,0,30,1200,76,150,2019-09-02,10:31:54,1.6,,,268,64.5,-0.35,0,98.49,148.3,49.77,0.336,0.309,0.0825,5.16,128.8,142.3,403,,,2.05,3.225,,,,374.2,,,3.462,787.9,0,0,0° 0.000' N,0° 0.000' E,0.19,,42.4,40,38.48,,
20190902,To,,0,30,1200,77,150,2019-09-02,10:32:04,1.6,,,268,64.7,-0.35,0,98.68,148.6,49.93,0.336,0.336,0.0835,5.22,129,143.9,393,,,2.04,3.218,,,,370.5,,,3.466,789.4,0,0,0° 0.000' N,0° 0.000' E,0.11,,42.45,39.95,38.48,,
20190902,To,,0,30,1200,78,150,2019-09-02,10:32:14,1.6,,,268,64.9,-0.35,0,98.78,149.1,50.28,0.337,0.333,0.0842,5.26,129.6,144.2,391,,,2.03,3.208,,,,367.8,,,3.455,790.2,0,0,0° 0.000' N,0° 0.000' E,0.17,,42.4,39.95,38.48,,
20190902,To,,0,30,1200,79,150,2019-09-02,10:32:24,1.6,,,268,65.1,-0.35,0,98.56,149.7,51.1,0.341,0.337,0.0841,5.25,129.8,144.8,393,,,2.02,3.195,,,,367.5,,,3.406,788.4,0,0,0° 0.000' N,0° 0.000' E,0.13,,42.45,39.89,38.48,,
20190902,To,,0,30,1200,80,150,2019-09-02,10:32:34,1.6,,,268,65.2,-0.35,0,99.02,150.2,51.17,0.341,0.336,0.0839,5.24,130.3,145.2,392,,,2.01,3.184,,,,370,,,3.429,792.1,0,0,0° 0.000' N,0° 0.000' E,0.17,,42.4,40,38.54,,
20190902,To,,0,30,1200,81,150,2019-09-02,10:32:44,1.6,,,268,65.4,-0.35,0,98.89,150.8,51.96,0.344,0.331,0.0836,5.23,130.6,145.6,394,,,1.99,3.17,,,,370.7,,,3.388,791.1,0,0,0° 0.000' N,0° 0.000' E,0.17,,42.4,39.95,38.54,,
20190902,To,,0,30,1200,82,150,2019-09-02,10:32:54,1.6,,,268,65.6,-0.35,0,98.97,151.2,52.23,0.345,0.336,0.0841,5.26,131,146.3,391,,,1.99,3.162,,,,368.9,,,3.381,791.8,0,0,0° 0.000' N,0° 0.000' E,0.19,,42.4,39.89,38.48,,
20190902,To,,0,30,1200,83,150,2019-09-02,10:33:04,1.6,,,268,65.7,-0.35,0,99.13,152,52.88,0.348,0.325,0.0827,5.17,131.2,147.3,388,,,1.97,3.146,,,,375.7,,,3.363,793.1,0,0,0° 0.000' N,0° 0.000' E,0.16,,42.4,39.89,38.54,,
20190902,To,,0,30,1200,84,150,2019-09-02,10:33:14,1.6,,,268,65.9,-0.35,0,99.2,152.4,53.16,0.349,0.335,0.0837,5.23,131.5,147.3,391,,,1.96,3.138,,,,371.7,,,3.355,793.6,0,0,0° 0.000' N,0° 0.000' E,0.14,,42.4,39.95,38.48,,
20190902,To,,0,30,1200,85,150,2019-09-02,10:33:24,1.6,,,268,66,-0.35,0,99.24,152.9,53.7,0.351,0.328,0.0834,5.22,131.8,147.8,390,,,1.95,3.126,,,,372.9,,,3.335,793.9,0,0,0° 0.000' N,0° 0.000' E,0.13,,42.45,39.95,38.48,,
20190902,To,,0,30,1200,86,150,2019-09-02,10:33:34,1.6,,,268,66.1,-0.35,0,99.5,153.3,53.82,0.351,0.346,0.0839,5.24,131.8,147.8,394,,,1.95,3.119,,,,371.8,,,3.345,796,0,0,0° 0.000' N,0° 0.000' E,0.14,,42.4,40,38.48,,
20190902,To,,0,30,1200,87,150,2019-09-02,10:33:44,1.6,,,268,66.3,-0.35,0,99.52,153.9,54.37,0.353,0.344,0.0837,5.23,132.5,148.3,393,,,1.93,3.107,,,,373,,,3.324,796.2,0,0,0° 0.000' N,0° 0.000' E,0.15,,42.45,39.95,38.54,,
20190902,To,,0,30,1200,88,150,2019-09-02,10:33:54,1.6,,,268,66.4,-0.35,0,99.61,154.3,54.65,0.354,0.35,0.0841,5.25,132.5,149.3,387,,,1.93,3.1,,,,371.5,,,3.318,796.9,0,0,0° 0.000' N,0° 0.000' E,0.15,,42.45,39.89,38.54,,
20190902,To,,0,30,1200,89,150,2019-09-02,10:34:04,1.6,,,268,66.6,-0.35,0,99.87,154.9,54.98,0.355,0.35,0.0835,5.22,133.2,149.1,395,,,1.92,3.088,,,,375,,,3.319,799,0,0,0° 0.000' N,0° 0.000' E,0.14,,42.45,39.95,38.48,,
20190902,To,,0,30,1200,90,150,2019-09-02,10:34:14,1.6,,,268,66.8,-0.35,0,99.94,155.2,55.29,0.356,0.351,0.0838,5.24,133.3,149.3,396,,,1.91,3.081,,,,373.8,,,3.311,799.5,0,0,0° 0.000' N,0° 0.000' E,0.19,,42.4,39.95,38.54,,
20190902,To,,0,30,1200,91,150,2019-09-02,10:34:24,1.6,,,268,66.9,-0.35,0,99.77,155.7,55.93,0.359,0.345,0.0836,5.23,133.7,150.2,393,,,1.9,3.071,,,,374.2,,,3.278,798.2,0,0,0° 0.000' N,0° 0.000' E,0.16,,42.4,39.95,38.54,,
20190902,To,,0,30,1200,92,150,2019-09-02,10:34:34,1.6,,,268,67.1,-0.35,0,99.76,156.3,56.51,0.362,0.338,0.0837,5.23,134.1,150.2,395,,,1.89,3.06,,,,373.8,,,3.255,798.1,0,0,0° 0.000' N,0° 0.000' E,0.09,,42.4,39.95,38.48,,
20190902,To,,0,30,1200,93,150,2019-09-02,10:34:44,1.6,,,268,67.2,-0.35,0,100.1,156.6,56.5,0.361,0.346,0.0841,5.26,134.3,151.1,389,,,1.88,3.054,,,,372.9,,,3.271,800.5,0,0,0° 0.000' N,0° 0.000' E,0.14,,42.45,39.95,38.48,,
20190902,To,,0,30,1200,94,150,2019-09-02,10:34:54,1.6,,,268,67.3,-0.35,0,100.1,157.1,57.01,0.363,0.344,0.084,5.25,134.7,151.5,389,,,1.87,3.044,,,,373.5,,,3.255,800.8,0,0,0° 0.000' N,0° 0.000' E,0.15,,42.45,39.95,38.54,,
20190902,To,,0,30,1200,95,150,2019-09-02,10:35:04,1.6,,,268,67.5,-0.35,0,100.4,157.6,57.2,0.363,0.348,0.0835,5.22,134.7,152,391,,,1.87,3.034,,,,376.9,,,3.264,803.1,0,0,0° 0.000' N,0° 0.000' E,0.15,,42.45,39.95,38.48,,
20190902,To,,0,30,1200,96,150,2019-09-02,10:35:14,1.6,,,268,67.6,-0.35,0,100.3,158.1,57.83,0.366,0.346,0.0834,5.21,135.2,151.9,394,,,1.86,3.024,,,,377.1,,,3.237,802.5,0,0,0° 0.000' N,0° 0.000' E,0.16,,42.45,40,38.48,,
20190902,To,,0,30,1200,97,150,2019-09-02,10:35:24,1.6,,,268,67.8,-0.35,0,100.2,158.5,58.26,0.368,0.353,0.0841,5.26,135.6,152.3,394,,,1.85,3.017,,,,373.6,,,3.217,801.8,0,0,0° 0.000' N,0° 0.000' E,0.17,,42.4,39.95,38.54,,
20190902,To,,0,30,1200,98,150,2019-09-02,10:35:34,1.6,,,268,67.9,-0.35,0,100.3,159.5,59.19,0.371,0.349,0.0844,5.27,135.9,152.9,390,,,1.83,2.998,,,,372.8,,,3.189,802.4,0,0,0° 0.000' N,0° 0.000' E,0.17,,42.4,39.95,38.48,,
20190902,To,,0,30,1200,99,150,2019-09-02,10:35:44,1.6,,,268,68.1,-0.35,0,100.5,160,59.42,0.371,0.359,0.0843,5.27,135.9,153.9,389,,,1.82,2.989,,,,373.7,,,3.193,804.3,0,0,0° 0.000' N,0° 0.000' E,0.18,,42.45,40,38.54,,
20190902,To,,0,30,1200,100,150,2019-09-02,10:35:54,1.6,,,268,68.2,-0.35,0,100.7,160.4,59.64,0.372,0.355,0.0839,5.25,136.4,153.8,392,,,1.82,2.982,,,,376.2,,,3.195,805.7,0,0,0° 0.000' N,0° 0.000' E,0.16,,42.45,39.95,38.48,,
20190902,To,,0,30,1200,101,150,2019-09-02,10:36:04,1.6,,,268,68.3,-0.35,0,100.4,160.3,59.95,0.374,0.349,0.0843,5.27,136.5,154.6,387,,,1.82,2.982,,,,373.5,,,3.168,803.2,0,0,0° 0.000' N,0° 0.000' E,0.15,,42.45,39.95,38.54,,
20190902,To,,0,30,1200,102,150,2019-09-02,10:36:14,1.6,,,268,68.5,-0.35,0,100.7,161.2,60.43,0.375,0.362,0.0848,5.3,137,154.1,393,,,1.8,2.967,,,,372.6,,,3.171,806,0,0,0° 0.000' N,0° 0.000' E,0.16,,42.45,39.95,38.54,,
20190902,To,,0,30,1200,103,150,2019-09-02,10:36:24,1.6,,,268,68.6,-0.35,0,101,161.3,60.35,0.374,0.349,0.0834,5.21,137.2,155.2,391,,,1.8,2.964,,,,379.6,,,3.185,807.8,0,0,0° 0.000' N,0° 0.000' E,0.17,,42.4,40,38.48,,
20190902,To,,0,30,1200,104,150,2019-09-02,10:36:34,1.6,,,268,68.8,-0.35,0,101.1,162.3,61.24,0.377,0.36,0.0838,5.24,137.6,155.6,391,,,1.78,2.946,,,,377.9,,,3.161,808.5,0,0,0° 0.000' N,0° 0.000' E,0.14,,42.45,40,38.54,,
20190902,To,,0,30,1200,105,150,2019-09-02,10:36:44,1.6,,,268,68.9,-0.35,0,101.1,162.6,61.54,0.378,0.366,0.0843,5.27,137.8,155.8,392,,,1.78,2.94,,,,375.9,,,3.153,808.8,0,0,0° 0.000' N,0° 0.000' E,0.14,,42.4,40,38.54,,
20190902,To,,0,30,1200,106,150,2019-09-02,10:36:54,1.6,,,268,69,-0.35,0,101.2,163.2,62.05,0.38,0.358,0.0839,5.25,137.9,156.3,391,,,1.77,2.93,,,,377.8,,,3.14,809.3,0,0,0° 0.000' N,0° 0.000' E,0.14,,42.45,39.95,38.54,,
20190902,To,,0,30,1200,107,150,2019-09-02,10:37:04,1.6,,,268,69.2,-0.35,0,101.3,164.2,62.87,0.383,0.318,0.0816,5.1,138.5,156.9,393,,,1.75,2.913,,,,389,,,3.121,810.3,0,0,0° 0.000' N,0° 0.000' E,0.13,,42.4,40,38.48,,
20190902,To,,0,30,1200,108,150,2019-09-02,10:37:14,1.6,,,268,69.3,-0.35,0,101.4,164.1,62.69,0.382,0.359,0.0838,5.24,138.6,157.1,391,,,1.75,2.914,,,,379.4,,,3.132,811.3,0,0,0° 0.000' N,0° 0.000' E,0.16,,42.45,39.95,38.48,,
20190902,To,,0,30,1200,109,150,2019-09-02,10:37:24,1.6,,,268,69.5,-0.35,0,101.4,164.5,63.12,0.384,0.366,0.0839,5.25,138.9,157.7,392,,,1.75,2.907,,,,378.7,,,3.117,810.9,0,0,0° 0.000' N,0° 0.000' E,0.15,,42.4,39.95,38.48,,
20190902,To,,0,30,1200,110,150,2019-09-02,10:37:34,1.6,,,268,69.6,-0.35,0,101.9,164.3,62.45,0.38,0.37,0.0838,5.24,139.2,157.6,395,,,1.75,2.91,,,,381.2,,,3.163,815,0,0,0° 0.000' N,0° 0.000' E,0.12,,42.4,39.95,38.48,,
20190902,To,,0,30,1200,111,150,2019-09-02,10:37:44,1.6,,,268,69.7,-0.35,0,101.6,165.3,63.69,0.385,0.368,0.0839,5.24,139.4,158.1,394,,,1.73,2.893,,,,379.9,,,3.112,812.9,0,0,0° 0.000' N,0° 0.000' E,0.17,,42.45,39.95,38.48,,
20190902,To,,,,,,,,,,,,,,,,101.52,,,0.3828,,,5.214,,,,,,,,,,,,,,,,,,,,,,,,,,
20190902,To,To(+) 30min,1,30,1200,112,150,2019-09-02,10:40:03,1.6,,,268,50.5,-0.35,0,86.78,106.3,19.47,0.183,0.187,0.0856,5.35,98.97,104.3,376,,,3.25,4.5,,,,317.9,,,5.589,694.3,0,0,0° 0.000' N,0° 0.000' E,0.12,,42.35,39.79,38.43,,
20190902,To,,1,30,1200,113,150,2019-09-02,10:40:24,1.6,,,268,50.4,-0.35,0,86.35,105.8,19.45,0.184,0.191,0.0861,5.38,98.55,104.7,362,,,3.27,4.52,,,,314.3,,,5.543,690.8,0,0,0° 0.000' N,0° 0.000' E,0.17,,42.35,39.79,38.43,,
20190902,To,,1,30,1200,114,150,2019-09-02,10:40:34,1.6,,,268,50.8,-0.33,0,87.06,107.1,20.05,0.187,0.191,0.0884,5.52,99.58,105.9,350,,,3.22,4.464,,,,308.9,,,5.487,696.4,0,0,0° 0.000' N,0° 0.000' E,0.21,,42.35,39.79,38.38,,
20190902,To,,1,30,1200,115,150,2019-09-02,10:40:44,1.6,,,268,51.4,-0.33,0,87.88,108.8,20.95,0.192,0.197,0.0879,5.49,100.8,106.9,360,,,3.15,4.394,,,,313.5,,,5.388,703,0,0,0° 0.000' N,0° 0.000' E,0.17,,42.35,39.84,38.43,,
20190902,To,,1,30,1200,116,150,2019-09-02,10:40:54,1.6,,,268,52.1,-0.35,0,89.25,110.5,21.21,0.192,0.196,0.0886,5.54,102.6,108.3,362,,,3.09,4.329,,,,315.7,,,5.485,714,0,0,0° 0.000' N,0° 0.000' E,0.16,,42.4,39.84,38.43,,
20190902,To,,1,30,1200,117,150,2019-09-02,10:41:04,1.6,,,268,52.8,-0.33,0,90.35,112.3,21.95,0.195,0.2,0.0892,5.58,103.9,109.9,365,,,3.02,4.258,,,,317.4,,,5.455,722.8,0,0,0° 0.000' N,0° 0.000' E,0.17,,42.35,39.84,38.48,,
20190902,To,,1,30,1200,118,150,2019-09-02,10:41:14,1.6,,,268,53.4,-0.35,0,91.49,114.5,22.97,0.201,0.202,0.0856,5.35,105.5,112,371,,,2.95,4.178,,,,335.3,,,5.379,731.9,0,0,0° 0.000' N,0° 0.000' E,0.19,,42.35,39.89,38.43,,
20190902,To,,1,30,1200,119,150,2019-09-02,10:41:24,1.6,,,268,54.1,-0.35,0,92.6,115.8,23.2,0.2,0.205,0.0889,5.56,107,114.1,349,,,2.9,4.129,,,,326.5,,,5.454,740.8,0,0,0° 0.000' N,0° 0.000' E,0.17,,42.4,39.84,38.43,,
20190902,To,,1,30,1200,120,150,2019-09-02,10:41:34,1.6,,,268,54.7,-0.35,0,93.47,117.3,23.8,0.203,0.208,0.0913,5.71,108.3,115,351,,,2.85,4.077,,,,320.9,,,5.434,747.8,0,0,0° 0.000' N,0° 0.000' E,0.14,,42.35,39.89,38.43,,
20190902,To,,1,30,1200,121,150,2019-09-02,10:41:44,1.6,,,268,55.3,-0.33,0,94.62,118.7,24.09,0.203,0.208,0.0907,5.67,110,117.2,346,,,2.8,4.028,,,,327,,,5.502,757,0,0,0° 0.000' N,0° 0.000' E,0.18,,42.35,39.84,38.43,,
20190902,To,,1,30,1200,122,150,2019-09-02,10:41:54,1.6,,,268,55.8,-0.35,0,95.4,120.1,24.67,0.205,0.21,0.0925,5.78,110.9,118.1,349,,,2.76,3.983,,,,323.2,,,5.478,763.2,0,0,0° 0.000' N,0° 0.000' E,0.21,,42.35,39.89,38.48,,
20190902,To,,1,30,1200,123,150,2019-09-02,10:42:04,1.6,,,268,56.3,-0.35,0,95.82,121.6,25.77,0.212,0.217,0.093,5.81,111.9,119.8,343,,,2.71,3.933,,,,323.1,,,5.335,766.6,0,0,0° 0.000' N,0° 0.000' E,0.15,,42.35,39.84,38.43,,
20190902,To,,1,30,1200,124,150,2019-09-02,10:42:14,1.6,,,268,56.8,-0.33,0,96.96,123.2,26.27,0.213,0.215,0.0868,5.43,113.1,120.7,367,,,2.66,3.88,,,,350.1,,,5.368,775.7,0,0,0° 0.000' N,0° 0.000' E,0.16,,42.4,39.89,38.43,,
20190902,To,,1,30,1200,125,150,2019-09-02,10:42:24,1.6,,,268,57.2,-0.33,0,97.59,123.8,26.21,0.212,0.217,0.0898,5.61,114.2,121.8,358,,,2.65,3.862,,,,340.6,,,5.439,780.7,0,0,0° 0.000' N,0° 0.000' E,0.14,,42.4,39.84,38.48,,
20190902,To,,1,30,1200,126,150,2019-09-02,10:42:34,1.6,,,268,57.7,-0.35,0,98.31,125,26.73,0.214,0.219,0.0918,5.74,115.1,123.4,343,,,2.61,3.824,,,,335.8,,,5.427,786.5,0,0,0° 0.000' N,0° 0.000' E,0.15,,42.4,39.89,38.48,,
20190902,To,,1,30,1200,127,150,2019-09-02,10:42:44,1.6,,,268,58.1,-0.35,0,98.8,125.9,27.13,0.215,0.221,0.0894,5.59,116.1,124.2,359,,,2.59,3.797,,,,346.6,,,5.412,790.4,0,0,0° 0.000' N,0° 0.000' E,0.23,,42.4,39.84,38.48,,
20190902,To,,1,30,1200,128,150,2019-09-02,10:42:54,1.6,,,268,58.4,-0.35,0,99.33,126.7,27.4,0.216,0.222,0.0903,5.64,116.8,124.3,365,,,2.56,3.773,,,,345,,,5.421,794.7,0,0,0° 0.000' N,0° 0.000' E,0.16,,42.4,39.89,38.43,,
20190902,To,,1,30,1200,129,150,2019-09-02,10:43:04,1.6,,,268,58.7,-0.35,0,99.65,128.2,28.51,0.222,0.225,0.09,5.63,117.5,125.8,360,,,2.52,3.731,,,,347,,,5.286,797.2,0,0,0° 0.000' N,0° 0.000' E,0.17,,42.4,39.84,38.48,,
20190902,To,,1,30,1200,130,150,2019-09-02,10:43:14,1.6,,,268,59,-0.35,0,99.69,128.4,28.73,0.224,0.229,0.0918,5.74,118.3,126.5,356,,,2.52,3.724,,,,340.4,,,5.258,797.5,0,0,0° 0.000' N,0° 0.000' E,0.2,,42.4,39.89,38.48,,
20190902,To,,1,30,1200,131,150,2019-09-02,10:43:24,1.6,,,268,59.3,-0.35,0,100.4,129.3,28.86,0.223,0.229,0.089,5.56,119.1,126.8,370,,,2.49,3.699,,,,353.9,,,5.308,803.3,0,0,0° 0.000' N,0° 0.000' E,0.14,,42.4,39.89,38.43,,
20190902,To,,1,30,1200,132,150,2019-09-02,10:43:34,1.6,,,268,59.6,-0.35,0,100.7,129.9,29.17,0.225,0.23,0.0953,5.96,119.6,128.1,342,,,2.48,3.681,,,,331.4,,,5.293,805.8,0,0,0° 0.000' N,0° 0.000' E,0.2,,42.4,39.84,38.48,,
20190902,To,,1,30,1200,133,150,2019-09-02,10:43:44,1.6,,,268,59.8,-0.35,0,101,131,30.01,0.229,0.232,0.0904,5.65,120.1,128.2,365,,,2.45,3.65,,,,350.2,,,5.204,808.1,0,0,0° 0.000' N,0° 0.000' E,0.16,,42.35,39.89,38.48,,
20190902,To,,1,30,1200,134,150,2019-09-02,10:43:54,1.6,,,268,60.1,-0.35,0,101.4,131.2,29.78,0.227,0.233,0.0951,5.94,120.6,129.9,337,,,2.44,3.644,,,,334.4,,,5.275,811.5,0,0,0° 0.000' N,0° 0.000' E,0.14,,42.4,39.89,38.48,,
20190902,To,,1,30,1200,135,150,2019-09-02,10:44:04,1.6,,,268,60.3,-0.35,0,102.1,131.7,29.53,0.224,0.23,0.0923,5.77,120.9,129.3,357,,,2.43,3.632,,,,346.8,,,5.372,817,0,0,0° 0.000' N,0° 0.000' E,0.17,,42.35,39.95,38.48,,
20190902,To,,1,30,1200,136,150,2019-09-02,10:44:14,1.6,,,268,60.5,-0.35,0,102,132.7,30.7,0.231,0.234,0.0925,5.78,121.5,129.7,362,,,2.4,3.603,,,,345.7,,,5.202,816,0,0,0° 0.000' N,0° 0.000' E,0.16,,42.4,39.89,38.43,,
20190902,To,,1,30,1200,137,150,2019-09-02,10:44:24,1.6,,,268,60.7,-0.33,0,102.6,133.4,30.78,0.231,0.234,0.0912,5.7,121.9,130.3,361,,,2.39,3.586,,,,352.5,,,5.244,820.6,0,0,0° 0.000' N,0° 0.000' E,0.18,,42.45,39.89,38.43,,
20190902,To,,1,30,1200,138,150,2019-09-02,10:44:34,1.6,,,268,60.8,-0.33,0,102.7,133.3,30.62,0.23,0.236,0.0952,5.95,122.5,131.6,339,,,2.39,3.587,,,,338.1,,,5.277,821.6,0,0,0° 0.000' N,0° 0.000' E,0.16,,42.4,39.95,38.48,,
20190902,To,,1,30,1200,139,150,2019-09-02,10:44:44,1.6,,,268,61,-0.35,0,102.7,133.9,31.18,0.233,0.239,0.0918,5.74,122.7,131.9,355,,,2.37,3.571,,,,350.7,,,5.208,821.9,0,0,0° 0.000' N,0° 0.000' E,0.14,,42.35,39.89,38.48,,
20190902,To,,1,30,1200,140,150,2019-09-02,10:44:54,1.6,,,268,61.2,-0.35,0,102.9,134.3,31.46,0.234,0.24,0.092,5.75,123,131.4,364,,,2.36,3.56,,,,350.3,,,5.182,822.8,0,0,0° 0.000' N,0° 0.000' E,0.12,,42.35,39.89,38.48,,
20190902,To,,1,30,1200,141,150,2019-09-02,10:45:04,1.6,,,268,61.3,-0.33,0,103.4,134.7,31.33,0.233,0.239,0.0917,5.73,123.6,133,350,,,2.35,3.549,,,,353.7,,,5.247,827.2,0,0,0° 0.000' N,0° 0.000' E,0.15,,42.4,39.89,38.43,,
20190902,To,,1,30,1200,142,150,2019-09-02,10:45:14,1.6,,,268,61.5,-0.35,0,103.4,135.2,31.8,0.235,0.241,0.0916,5.73,123.9,132.5,364,,,2.34,3.536,,,,354,,,5.192,827.6,0,0,0° 0.000' N,0° 0.000' E,0.15,,42.4,39.95,38.43,,
20190902,To,,1,30,1200,143,150,2019-09-02,10:45:24,1.6,,,268,61.7,-0.35,0,103.9,135.9,31.99,0.235,0.242,0.094,5.87,124.4,134,341,,,2.32,3.519,,,,346.6,,,5.205,831,0,0,0° 0.000' N,0° 0.000' E,0.16,,42.35,39.95,38.43,,
20190902,To,,1,30,1200,144,150,2019-09-02,10:45:34,1.6,,,268,61.8,-0.35,0,104.1,136.6,32.5,0.238,0.241,0.0919,5.74,124.5,133.9,353,,,2.31,3.501,,,,355.1,,,5.16,832.6,0,0,0° 0.000' N,0° 0.000' E,0.17,,42.4,39.89,38.43,,
20190902,To,,1,30,1200,145,150,2019-09-02,10:45:44,1.6,,,268,62,-0.35,0,104.2,136.6,32.43,0.237,0.244,0.0954,5.96,124.9,133.3,353,,,2.31,3.5,,,,342.3,,,5.179,833.4,0,0,0° 0.000' N,0° 0.000' E,0.16,,42.45,39.89,38.43,,
20190902,To,,1,30,1200,146,150,2019-09-02,10:45:54,1.6,,,268,62.1,-0.35,0,104.3,137.3,33.03,0.24,0.244,0.0922,5.76,125,134.6,352,,,2.29,3.482,,,,354.9,,,5.119,834.5,0,0,0° 0.000' N,0° 0.000' E,0.16,,42.4,39.95,38.48,,
20190902,To,,1,30,1200,147,150,2019-09-02,10:46:04,1.6,,,268,62.2,-0.33,0,104.6,137.9,33.27,0.241,0.245,0.0913,5.71,125.5,134.3,362,,,2.28,3.468,,,,359.3,,,5.116,836.9,0,0,0° 0.000' N,0° 0.000' E,0.17,,42.4,39.89,38.43,,
20190902,To,,1,30,1200,148,150,2019-09-02,10:46:14,1.6,,,268,62.4,-0.33,0,105.1,138,32.98,0.239,0.242,0.0931,5.82,125.7,135.7,346,,,2.27,3.464,,,,353.8,,,5.188,840.4,0,0,0° 0.000' N,0° 0.000' E,0.16,,42.4,39.89,38.43,,
20190902,To,,1,30,1200,149,150,2019-09-02,10:46:24,1.6,,,268,62.5,-0.35,0,105,137.9,32.97,0.239,0.245,0.0966,6.04,126,135.5,340,,,2.27,3.467,,,,340.5,,,5.181,839.7,0,0,0° 0.000' N,0° 0.000' E,0.15,,42.4,39.89,38.43,,
20190902,To,,1,30,1200,150,150,2019-09-02,10:46:34,1.6,,,268,62.6,-0.33,0,104.9,138.4,33.48,0.242,0.248,0.0941,5.88,126.6,135.6,352,,,2.26,3.455,,,,349.6,,,5.118,839.4,0,0,0° 0.000' N,0° 0.000' E,0.17,,42.45,39.84,38.48,,
20190902,To,,1,30,1200,151,150,2019-09-02,10:46:44,1.6,,,268,62.8,-0.35,0,105.3,139.2,33.89,0.243,0.247,0.0946,5.92,126.7,136.2,348,,,2.24,3.434,,,,349,,,5.108,842.8,0,0,0° 0.000' N,0° 0.000' E,0.13,,42.4,39.89,38.43,,
20190902,To,,1,30,1200,152,150,2019-09-02,10:46:54,1.6,,,268,62.9,-0.35,0,105.7,139.6,33.88,0.243,0.246,0.0949,5.93,127.1,136.7,343,,,2.24,3.425,,,,349.2,,,5.141,845.8,0,0,0° 0.000' N,0° 0.000' E,0.2,,42.4,39.95,38.43,,
20190902,To,,1,30,1200,153,150,2019-09-02,10:47:04,1.6,,,268,63,-0.35,0,105.6,139.5,33.87,0.243,0.249,0.0945,5.9,127.1,136.9,345,,,2.24,3.428,,,,350.5,,,5.132,844.9,0,0,0° 0.000' N,0° 0.000' E,0.21,,42.4,39.95,38.48,,
20190902,To,,1,30,1200,154,150,2019-09-02,10:47:14,1.6,,,268,63.2,-0.35,0,105.7,140.3,34.54,0.246,0.25,0.0942,5.89,127.4,137.3,347,,,2.22,3.409,,,,351.7,,,5.067,845.8,0,0,0° 0.000' N,0° 0.000' E,0.17,,42.35,39.89,38.43,,
20190902,To,,1,30,1200,155,150,2019-09-02,10:47:24,1.6,,,268,63.3,-0.35,0,106.1,140.8,34.71,0.246,0.25,0.0939,5.87,127.8,137.8,346,,,2.21,3.395,,,,354.3,,,5.082,849,0,0,0° 0.000' N,0° 0.000' E,0.16,,42.45,39.95,38.48,,
20190902,To,,1,30,1200,156,150,2019-09-02,10:47:34,1.6,,,268,63.5,-0.35,0,106.3,141.1,34.81,0.247,0.25,0.0943,5.89,128.2,137.7,350,,,2.2,3.388,,,,353.5,,,5.089,850.7,0,0,0° 0.000' N,0° 0.000' E,0.17,,42.4,39.95,38.48,,
20190902,To,,1,30,1200,157,150,2019-09-02,10:47:44,1.6,,,268,63.6,-0.35,0,106.6,141.5,34.87,0.246,0.25,0.0944,5.9,128.4,138.3,345,,,2.19,3.38,,,,354.1,,,5.105,852.9,0,0,0° 0.000' N,0° 0.000' E,0.17,,42.4,39.95,38.48,,
20190902,To,,1,30,1200,158,150,2019-09-02,10:47:54,1.6,,,268,63.7,-0.33,0,106.6,141.9,35.32,0.249,0.253,0.0939,5.87,128.8,138.4,352,,,2.18,3.37,,,,355.6,,,5.052,852.5,0,0,0° 0.000' N,0° 0.000' E,0.17,,42.4,39.95,38.43,,
20190902,To,,1,30,1200,159,150,2019-09-02,10:48:04,1.6,,,268,63.9,-0.35,0,107.1,141.7,34.54,0.244,0.25,0.0951,5.94,129.2,139.1,343,,,2.19,3.375,,,,353.3,,,5.186,857.1,0,0,0° 0.000' N,0° 0.000' E,0.14,,42.4,39.95,38.48,,
20190902,To,,1,30,1200,160,150,2019-09-02,10:48:14,1.6,,,268,64,-0.35,0,107.3,142.5,35.25,0.247,0.251,0.0947,5.92,129.5,139.4,346,,,2.17,3.355,,,,355.1,,,5.12,858.4,0,0,0° 0.000' N,0° 0.000' E,0.15,,42.35,39.95,38.43,,
20190902,To,,1,30,1200,161,150,2019-09-02,10:48:24,1.6,,,268,64.2,-0.35,0,107.1,142.8,35.71,0.25,0.254,0.0947,5.92,129.9,139.8,348,,,2.16,3.348,,,,354.5,,,5.055,856.9,0,0,0° 0.000' N,0° 0.000' E,0.12,,42.4,39.95,38.48,,
20190902,To,,1,30,1200,162,150,2019-09-02,10:48:34,1.6,,,268,64.3,-0.35,0,107.6,143.3,35.76,0.25,0.253,0.094,5.87,130,140,349,,,2.15,3.336,,,,358.9,,,5.088,860.6,0,0,0° 0.000' N,0° 0.000' E,0.13,,42.35,39.95,38.43,,
20190902,To,,1,30,1200,163,150,2019-09-02,10:48:44,1.6,,,268,64.4,-0.33,0,107.9,143.7,35.78,0.249,0.253,0.0954,5.96,130.4,140.6,341,,,2.14,3.327,,,,354.7,,,5.116,863.5,0,0,0° 0.000' N,0° 0.000' E,0.1,,42.45,39.95,38.48,,
20190902,To,,1,30,1200,164,150,2019-09-02,10:48:54,1.6,,,268,64.6,-0.35,0,107.8,144,36.28,0.252,0.256,0.0973,6.08,130.8,141.2,336,,,2.14,3.32,,,,347.1,,,5.048,862.1,0,0,0° 0.000' N,0° 0.000' E,0.16,,42.4,39.89,38.48,,
20190902,To,,1,30,1200,165,150,2019-09-02,10:49:04,1.6,,,268,64.7,-0.35,0,108.1,144.4,36.27,0.251,0.255,0.0944,5.9,130.9,140.6,352,,,2.13,3.312,,,,358.8,,,5.075,864.6,0,0,0° 0.000' N,0° 0.000' E,0.19,,42.4,39.95,38.43,,
20190902,To,,1,30,1200,166,150,2019-09-02,10:49:14,1.6,,,268,64.8,-0.35,0,108.3,144.9,36.68,0.253,0.257,0.0939,5.87,131.4,141.6,350,,,2.12,3.299,,,,361.4,,,5.047,866.1,0,0,0° 0.000' N,0° 0.000' E,0.15,,42.4,39.89,38.43,,
20190902,To,,1,30,1200,167,150,2019-09-02,10:49:24,1.6,,,268,65,-0.35,0,108.8,145.2,36.37,0.25,0.254,0.0955,5.97,131.7,141.9,343,,,2.11,3.293,,,,357.2,,,5.128,870.8,0,0,0° 0.000' N,0° 0.000' E,0.14,,42.4,39.95,38.48,,
20190902,To,,1,30,1200,168,150,2019-09-02,10:49:34,1.6,,,268,65.1,-0.35,0,108.7,145.1,36.37,0.251,0.258,0.0945,5.91,132.2,141.8,351,,,2.11,3.295,,,,360.6,,,5.12,869.9,0,0,0° 0.000' N,0° 0.000' E,0.19,,42.35,39.89,38.43,,
20190902,To,,1,30,1200,169,150,2019-09-02,10:49:44,1.6,,,268,65.3,-0.35,0,109,146,37.03,0.254,0.258,0.094,5.88,132.1,142.6,349,,,2.09,3.275,,,,363.4,,,5.071,871.9,0,0,0° 0.000' N,0° 0.000' E,0.12,,42.4,39.95,38.48,,
20190902,To,,1,30,1200,170,150,2019-09-02,10:49:54,1.6,,,268,65.4,-0.35,0,109.1,146.3,37.26,0.255,0.259,0.0955,5.97,132.6,142.7,348,,,2.09,3.268,,,,358.1,,,5.054,872.4,0,0,0° 0.000' N,0° 0.000' E,0.12,,42.4,39.89,38.43,,
20190902,To,,1,30,1200,171,150,2019-09-02,10:50:04,1.6,,,268,65.5,-0.33,0,109.4,146.8,37.34,0.254,0.258,0.0939,5.87,132.9,142.9,352,,,2.08,3.258,,,,365.3,,,5.075,875.4,0,0,0° 0.000' N,0° 0.000' E,0.11,,42.4,39.95,38.48,,
20190902,To,,1,30,1200,172,150,2019-09-02,10:50:14,1.6,,,268,65.7,-0.35,0,109.2,147.1,37.87,0.257,0.262,0.0939,5.87,133.3,142.6,362,,,2.07,3.251,,,,364.7,,,5.006,873.8,0,0,0° 0.000' N,0° 0.000' E,0.16,,42.4,39.95,38.48,,
20190902,To,,,,,,,,,,,,,,,,109.08,,,0.2542,,,5.9,,,,,,,,,,,,,,,,,,,,,,,,,,
20190902,To,To(-) 60min,0,60,1200,173,150,2019-09-02,10:59:55,1.6,,,268,35.5,-0.35,0,55.02,69.7,14.68,0.211,0.149,0.0664,4.15,63.96,68.43,434,,,5.48,6.861,,,,259.7,,,3.082,440.1,0,0,0° 0.000' N,0° 0.000' E,0.23,,42.14,39.53,38.28,,
20190902,To,,0,60,1200,174,150,2019-09-02,11:00:18,1.6,,,288,61.8,-0.35,0,59.95,76.82,16.87,0.22,0.226,0.0709,4.43,69.78,74.95,426,,,4.88,6.224,,,,265.2,,,3.221,479.6,0,0,0° 0.000' N,0° 0.000' E,0.19,,42.24,39.63,38.28,,
20190902,To,,0,60,1200,175,150,2019-09-02,11:00:38,1.6,,,288,63.7,-0.35,0,61.43,79.83,18.4,0.23,0.24,0.0721,4.51,72.36,77.92,425,,,4.66,5.99,,,,267,,,3.145,491.4,0,0,0° 0.000' N,0° 0.000' E,0.19,,42.19,39.58,38.28,,
20190902,To,,0,60,1200,176,150,2019-09-02,11:00:48,1.6,,,288,65,-0.35,0,62.46,81.95,19.49,0.238,0.219,0.0722,4.51,74.16,79.56,427,,,4.51,5.835,,,,271.2,,,3.099,499.7,0,0,0° 0.000' N,0° 0.000' E,0.24,,42.19,39.63,38.22,,
20190902,To,,0,60,1200,177,150,2019-09-02,11:00:58,1.6,,,288,66.4,-0.35,0,64.1,84.07,19.97,0.238,0.231,0.0731,4.57,75.86,81.94,415,,,4.37,5.688,,,,274.8,,,3.183,512.8,0,0,0° 0.000' N,0° 0.000' E,0.18,,42.19,39.68,38.28,,
20190902,To,,0,60,1200,178,150,2019-09-02,11:01:08,1.6,,,288,67.8,-0.35,0,65.11,86.05,20.94,0.243,0.253,0.0745,4.66,77.69,83.88,417,,,4.25,5.557,,,,274.1,,,3.158,520.9,0,0,0° 0.000' N,0° 0.000' E,0.17,,42.19,39.68,38.33,,
20190902,To,,0,60,1200,179,150,2019-09-02,11:01:18,1.6,,,288,69.2,-0.35,0,66.33,88.2,21.86,0.248,0.258,0.0746,4.66,79.18,85.53,424,,,4.12,5.422,,,,278.9,,,3.158,530.7,0,0,0° 0.000' N,0° 0.000' E,0.25,,42.24,39.68,38.38,,
20190902,To,,0,60,1200,180,150,2019-09-02,11:01:28,1.6,,,288,70.3,-0.35,0,67.13,90.06,22.93,0.255,0.258,0.0769,4.81,80.82,87.05,418,,,4.01,5.31,,,,273.7,,,3.111,537,0,0,0° 0.000' N,0° 0.000' E,0.14,,42.19,39.74,38.33,,
20190902,To,,0,60,1200,181,150,2019-09-02,11:01:38,1.6,,,288,71.6,-0.35,0,68.38,92.01,23.64,0.257,0.267,0.0767,4.79,82.29,89.45,407,,,3.91,5.197,,,,279.5,,,3.141,547,0,0,0° 0.000' N,0° 0.000' E,0.16,,42.24,39.74,38.33,,
20190902,To,,0,60,1200,182,150,2019-09-02,11:01:48,1.6,,,288,72.8,-0.35,0,69.11,93.73,24.61,0.263,0.273,0.0782,4.89,83.78,91.36,400,,,3.82,5.102,,,,277.1,,,3.105,552.9,0,0,0° 0.000' N,0° 0.000' E,0.19,,42.24,39.74,38.38,,
20190902,To,,0,60,1200,183,150,2019-09-02,11:01:58,1.6,,,288,73.9,-0.35,0,69.9,95.24,25.34,0.266,0.277,0.0799,4.99,85.13,93.13,391,,,3.74,5.021,,,,274.4,,,3.101,559.2,0,0,0° 0.000' N,0° 0.000' E,0.17,,42.29,39.79,38.33,,
20190902,To,,0,60,1200,184,150,2019-09-02,11:02:08,1.6,,,288,74.9,-0.35,0,70.71,97.12,26.41,0.272,0.279,0.0784,4.9,86.41,94.03,410,,,3.65,4.924,,,,282.8,,,3.069,565.7,0,0,0° 0.000' N,0° 0.000' E,0.19,,42.29,39.79,38.33,,
20190902,To,,0,60,1200,185,150,2019-09-02,11:02:18,1.6,,,288,75.8,-0.35,0,71.28,98.43,27.16,0.276,0.272,0.0797,4.98,87.56,95.42,404,,,3.59,4.858,,,,280.3,,,3.049,570.2,0,0,0° 0.000' N,0° 0.000' E,0.15,,42.29,39.79,38.33,,
20190902,To,,0,60,1200,186,150,2019-09-02,11:02:28,1.6,,,288,76.6,-0.35,0,72.13,99.74,27.61,0.277,0.284,0.0788,4.93,88.56,96.73,402,,,3.53,4.794,,,,286.9,,,3.075,577.1,0,0,0° 0.000' N,0° 0.000' E,0.19,,42.29,39.84,38.33,,
20190902,To,,0,60,1200,187,150,2019-09-02,11:02:38,1.6,,,288,77.4,-0.35,0,72.73,101,28.28,0.28,0.291,0.0789,4.93,89.51,97.65,408,,,3.47,4.734,,,,288.9,,,3.065,581.8,0,0,0° 0.000' N,0° 0.000' E,0.19,,42.29,39.74,38.38,,
20190902,To,,0,60,1200,188,150,2019-09-02,11:02:48,1.6,,,288,78.2,-0.35,0,72.94,102,29.1,0.285,0.293,0.0805,5.03,90.46,99.22,398,,,3.43,4.686,,,,284.2,,,3.018,583.5,0,0,0° 0.000' N,0° 0.000' E,0.23,,42.29,39.79,38.38,,
20190902,To,,0,60,1200,189,150,2019-09-02,11:02:58,1.6,,,288,78.8,-0.35,0,73.53,103.3,29.72,0.288,0.296,0.0793,4.96,91.36,100.2,401,,,3.37,4.631,,,,290.7,,,3.014,588.2,0,0,0° 0.000' N,0° 0.000' E,0.22,,42.29,39.84,38.38,,
20190902,To,,0,60,1200,190,150,2019-09-02,11:03:08,1.6,,,288,79.4,-0.35,0,73.97,104.2,30.19,0.29,0.286,0.0803,5.02,92.04,100.8,400,,,3.34,4.591,,,,288.6,,,3.012,591.8,0,0,0° 0.000' N,0° 0.000' E,0.14,,42.29,39.84,38.38,,
20190902,To,,0,60,1200,191,150,2019-09-02,11:03:18,1.6,,,288,80,-0.35,0,74.38,105.2,30.78,0.293,0.285,0.0801,5,92.95,101.9,396,,,3.29,4.547,,,,291.2,,,2.999,595.1,0,0,0° 0.000' N,0° 0.000' E,0.14,,42.29,39.84,38.33,,
20190902,To,,0,60,1200,192,150,2019-09-02,11:03:28,1.6,,,288,80.7,-0.35,0,74.72,106.1,31.34,0.296,0.299,0.0808,5.05,93.75,102.6,400,,,3.26,4.508,,,,289.8,,,2.984,597.8,0,0,0° 0.000' N,0° 0.000' E,0.17,,42.29,39.79,38.38,,
20190902,To,,0,60,1200,193,150,2019-09-02,11:03:38,1.6,,,288,81.2,-0.35,0,75.13,106.8,31.72,0.297,0.309,0.081,5.06,94.21,103.7,397,,,3.23,4.475,,,,290.8,,,2.987,601,0,0,0° 0.000' N,0° 0.000' E,0.2,,42.29,39.84,38.38,,
20190902,To,,0,60,1200,194,150,2019-09-02,11:03:48,1.6,,,288,81.7,-0.35,0,75.59,107.7,32.14,0.298,0.31,0.0804,5.03,94.97,104.2,404,,,3.19,4.439,,,,294.7,,,2.99,604.7,0,0,0° 0.000' N,0° 0.000' E,0.16,,42.29,39.84,38.38,,
20190902,To,,0,60,1200,195,150,2019-09-02,11:03:58,1.6,,,288,82.2,-0.35,0,75.8,108.6,32.75,0.302,0.298,0.0806,5.04,95.65,105.5,394,,,3.16,4.405,,,,294.7,,,2.965,606.4,0,0,0° 0.000' N,0° 0.000' E,0.17,,42.35,39.84,38.38,,
20190902,To,,0,60,1200,196,150,2019-09-02,11:04:08,1.6,,,288,82.7,-0.35,0,76.25,109.3,33.09,0.303,0.315,0.0809,5.05,96.29,106.5,394,,,3.13,4.373,,,,295.7,,,2.973,610,0,0,0° 0.000' N,0° 0.000' E,0.15,,42.29,39.79,38.38,,
20190902,To,,0,60,1200,197,150,2019-09-02,11:04:18,1.6,,,288,83.1,-0.35,0,76.46,110.1,33.68,0.306,0.318,0.0815,5.09,96.51,106.5,397,,,3.1,4.342,,,,294.1,,,2.95,611.6,0,0,0° 0.000' N,0° 0.000' E,0.16,,42.35,39.84,38.38,,
20190902,To,,0,60,1200,198,150,2019-09-02,11:04:28,1.6,,,288,83.6,-0.35,0,76.82,110.9,34.11,0.308,0.303,0.0799,4.99,97.09,107.6,397,,,3.07,4.31,,,,301.6,,,2.948,614.5,0,0,0° 0.000' N,0° 0.000' E,0.16,,42.29,39.84,38.38,,
20190902,To,,0,60,1200,199,150,2019-09-02,11:04:38,1.6,,,288,84.1,-0.35,0,77.03,111.6,34.6,0.31,0.302,0.0803,5.02,97.75,107.5,406,,,3.05,4.283,,,,300.7,,,2.933,616.3,0,0,0° 0.000' N,0° 0.000' E,0.2,,42.35,39.84,38.38,,
20190902,To,,0,60,1200,200,150,2019-09-02,11:04:48,1.6,,,288,84.4,-0.35,0,77.03,112.3,35.23,0.314,0.301,0.0808,5.05,98.08,108.2,401,,,3.02,4.26,,,,299,,,2.896,616.2,0,0,0° 0.000' N,0° 0.000' E,0.14,,42.35,39.89,38.43,,
20190902,To,,0,60,1200,201,150,2019-09-02,11:04:58,1.6,,,288,84.8,-0.35,0,77.54,112.9,35.36,0.313,0.313,0.0803,5.02,98.66,108.8,403,,,3,4.235,,,,302.8,,,2.921,620.3,0,0,0° 0.000' N,0° 0.000' E,0.19,,42.35,39.84,38.38,,
20190902,To,,0,60,1200,202,150,2019-09-02,11:05:08,1.6,,,288,85.1,-0.35,0,77.73,113.4,35.72,0.315,0.315,0.0804,5.03,99.12,109.3,403,,,2.98,4.215,,,,303,,,2.913,621.8,0,0,0° 0.000' N,0° 0.000' E,0.13,,42.35,39.84,38.38,,
20190902,To,,0,60,1200,203,150,2019-09-02,11:05:18,1.6,,,288,85.5,-0.35,0,77.84,113.9,36.1,0.317,0.321,0.081,5.06,99.33,110.4,397,,,2.96,4.197,,,,301.3,,,2.899,622.7,0,0,0° 0.000' N,0° 0.000' E,0.19,,42.35,39.84,38.43,,
20190902,To,,0,60,1200,204,150,2019-09-02,11:05:28,1.6,,,288,85.8,-0.35,0,77.9,114.5,36.61,0.32,0.307,0.081,5.06,100,110.7,396,,,2.94,4.176,,,,301.4,,,2.875,623.2,0,0,0° 0.000' N,0° 0.000' E,0.14,,42.35,39.84,38.38,,
20190902,To,,0,60,1200,205,150,2019-09-02,11:05:38,1.6,,,288,86.1,-0.35,0,78.27,115,36.74,0.319,0.319,0.0807,5.04,100.5,111.3,400,,,2.93,4.158,,,,304,,,2.891,626.1,0,0,0° 0.000' N,0° 0.000' E,0.13,,42.4,39.89,38.43,,
20190902,To,,0,60,1200,206,150,2019-09-02,11:05:48,1.6,,,288,86.4,-0.35,0,78.55,115.6,37.1,0.321,0.321,0.0804,5.03,100.8,111.4,403,,,2.91,4.135,,,,306.2,,,2.889,628.4,0,0,0° 0.000' N,0° 0.000' E,0.15,,42.35,39.84,38.43,,
20190902,To,,0,60,1200,207,150,2019-09-02,11:05:58,1.6,,,288,86.7,-0.35,0,78.66,116,37.32,0.322,0.33,0.0815,5.09,101.1,112,398,,,2.89,4.123,,,,302.6,,,2.884,629.2,0,0,0° 0.000' N,0° 0.000' E,0.2,,42.35,39.84,38.38,,
20190902,To,,0,60,1200,208,150,2019-09-02,11:06:08,1.6,,,288,87,-0.35,0,78.63,116.5,37.92,0.325,0.317,0.0809,5.06,101.5,112.4,400,,,2.87,4.103,,,,304.6,,,2.852,629,0,0,0° 0.000' N,0° 0.000' E,0.12,,42.35,39.84,38.38,,
20190902,To,,0,60,1200,209,150,2019-09-02,11:06:18,1.6,,,288,87.2,-0.35,0,78.94,116.9,37.98,0.325,0.329,0.0811,5.07,101.6,112.8,398,,,2.86,4.09,,,,305.1,,,2.868,631.5,0,0,0° 0.000' N,0° 0.000' E,0.17,,42.35,39.84,38.43,,
20190902,To,,0,60,1200,210,150,2019-09-02,11:06:28,1.6,,,288,87.5,-0.35,0,79.09,117.5,38.36,0.327,0.318,0.0804,5.02,101.8,113.5,398,,,2.85,4.071,,,,308.6,,,2.857,632.7,0,0,0° 0.000' N,0° 0.000' E,0.16,,42.35,39.84,38.38,,
20190902,To,,0,60,1200,211,150,2019-09-02,11:06:38,1.6,,,288,87.7,-0.35,0,79.11,117.9,38.81,0.329,0.325,0.0808,5.05,102.3,113.5,401,,,2.83,4.055,,,,307.1,,,2.836,632.9,0,0,0° 0.000' N,0° 0.000' E,0.11,,42.35,39.89,38.43,,
20190902,To,,0,60,1200,212,150,2019-09-02,11:06:48,1.6,,,288,88,-0.35,0,79.28,118.4,39.14,0.331,0.326,0.0804,5.02,102.4,114.3,397,,,2.81,4.038,,,,309.2,,,2.83,634.2,0,0,0° 0.000' N,0° 0.000' E,0.22,,42.35,39.84,38.43,,
20190902,To,,0,60,1200,213,150,2019-09-02,11:06:58,1.6,,,288,88.2,-0.35,0,79.29,118.7,39.4,0.332,0.328,0.0813,5.08,102.7,114.2,400,,,2.81,4.029,,,,305.8,,,2.818,634.3,0,0,0° 0.000' N,0° 0.000' E,0.22,,42.35,39.89,38.38,,
20190902,To,,0,60,1200,214,150,2019-09-02,11:07:08,1.6,,,288,88.5,-0.35,0,79.42,119.1,39.66,0.333,0.329,0.0816,5.1,103.2,115.1,393,,,2.79,4.016,,,,305,,,2.814,635.3,0,0,0° 0.000' N,0° 0.000' E,0.2,,42.35,39.84,38.43,,
20190902,To,,0,60,1200,215,150,2019-09-02,11:07:18,1.6,,,288,88.8,-0.35,0,79.92,119.9,39.98,0.333,0.344,0.0817,5.1,103.5,115.2,397,,,2.77,3.988,,,,306.8,,,2.829,639.4,0,0,0° 0.000' N,0° 0.000' E,0.17,,42.4,39.84,38.38,,
20190902,To,,0,60,1200,216,150,2019-09-02,11:07:28,1.6,,,288,88.9,-0.35,0,79.64,120,40.4,0.337,0.328,0.0811,5.07,103.6,115.4,399,,,2.76,3.983,,,,307.8,,,2.792,637.1,0,0,0° 0.000' N,0° 0.000' E,0.15,,42.35,39.84,38.38,,
20190902,To,,0,60,1200,217,150,2019-09-02,11:07:38,1.6,,,288,89.2,-0.35,0,79.89,120.3,40.36,0.336,0.34,0.0816,5.1,103.9,115.9,399,,,2.76,3.976,,,,307.1,,,2.809,639.1,0,0,0° 0.000' N,0° 0.000' E,0.13,,42.35,39.89,38.43,,
20190902,To,,0,60,1200,218,150,2019-09-02,11:07:48,1.6,,,288,89.5,-0.35,0,79.88,120.7,40.86,0.338,0.334,0.0816,5.1,104.2,116.9,392,,,2.74,3.96,,,,307,,,2.786,639.1,0,0,0° 0.000' N,0° 0.000' E,0.18,,42.35,39.89,38.43,,
20190902,To,,0,60,1200,219,150,2019-09-02,11:07:58,1.6,,,288,89.7,-0.35,0,80.33,121,40.72,0.336,0.35,0.0817,5.1,104.6,116.3,401,,,2.73,3.95,,,,308.4,,,2.818,642.6,0,0,0° 0.000' N,0° 0.000' E,0.12,,42.29,39.84,38.43,,
20190902,To,,0,60,1200,220,150,2019-09-02,11:08:08,1.6,,,288,89.9,-0.35,0,80.23,121.5,41.29,0.34,0.349,0.0813,5.08,105,116.9,403,,,2.72,3.935,,,,309.2,,,2.786,641.8,0,0,0° 0.000' N,0° 0.000' E,0.13,,42.35,39.89,38.43,,
20190902,To,,0,60,1200,221,150,2019-09-02,11:08:18,1.6,,,288,90.2,-0.35,0,80.24,121.9,41.68,0.342,0.337,0.0817,5.11,105.2,118.1,390,,,2.7,3.922,,,,307.8,,,2.769,641.9,0,0,0° 0.000' N,0° 0.000' E,0.18,,42.35,39.89,38.43,,
20190902,To,,0,60,1200,222,150,2019-09-02,11:08:28,1.6,,,288,90.4,-0.35,0,80.43,122.3,41.9,0.343,0.352,0.0816,5.1,105.4,117.3,403,,,2.69,3.909,,,,309,,,2.771,643.4,0,0,0° 0.000' N,0° 0.000' E,0.14,,42.4,39.84,38.43,,
20190902,To,,0,60,1200,223,150,2019-09-02,11:08:38,1.6,,,288,90.6,-0.35,0,80.67,122.8,42.1,0.343,0.338,0.0812,5.07,105.8,117.8,402,,,2.68,3.895,,,,311.6,,,2.776,645.3,0,0,0° 0.000' N,0° 0.000' E,0.16,,42.35,39.79,38.43,,
20190902,To,,0,60,1200,224,150,2019-09-02,11:08:48,1.6,,,288,90.8,-0.35,0,80.78,123.1,42.34,0.344,0.344,0.0815,5.09,106.1,118.1,401,,,2.67,3.884,,,,310.7,,,2.772,646.3,0,0,0° 0.000' N,0° 0.000' E,0.17,,42.35,39.84,38.38,,
20190902,To,,0,60,1200,225,150,2019-09-02,11:08:58,1.6,,,288,91.1,-0.35,0,80.78,123.5,42.68,0.346,0.341,0.0818,5.11,106,118.7,398,,,2.66,3.873,,,,309.6,,,2.758,646.3,0,0,0° 0.000' N,0° 0.000' E,0.17,,42.4,39.84,38.43,,
20190902,To,,0,60,1200,226,150,2019-09-02,11:09:08,1.6,,,288,91.3,-0.35,0,81.2,123.9,42.69,0.345,0.358,0.0812,5.08,106.5,119,402,,,2.65,3.86,,,,313.5,,,2.781,649.6,0,0,0° 0.000' N,0° 0.000' E,0.16,,42.4,39.84,38.43,,
20190902,To,,0,60,1200,227,150,2019-09-02,11:09:18,1.6,,,288,91.5,-0.35,0,81.03,124.8,43.74,0.351,0.343,0.0816,5.1,106.7,119.4,399,,,2.62,3.833,,,,311.1,,,2.727,648.2,0,0,0° 0.000' N,0° 0.000' E,0.12,,42.35,39.89,38.43,,
20190902,To,,0,60,1200,228,150,2019-09-02,11:09:28,1.6,,,288,91.7,-0.35,0,81.17,124.7,43.52,0.349,0.344,0.0818,5.11,107.1,119.9,395,,,2.62,3.835,,,,311.2,,,2.744,649.4,0,0,0° 0.000' N,0° 0.000' E,0.15,,42.35,39.89,38.48,,
20190902,To,,0,60,1200,229,150,2019-09-02,11:09:38,1.6,,,288,92,-0.35,0,81.31,125,43.69,0.35,0.354,0.0817,5.11,107.4,120,402,,,2.61,3.825,,,,311.9,,,2.745,650.5,0,0,0° 0.000' N,0° 0.000' E,0.15,,42.35,39.89,38.43,,
20190902,To,,0,60,1200,230,150,2019-09-02,11:09:48,1.6,,,288,92.2,-0.35,0,81.49,125.5,44.02,0.351,0.351,0.0814,5.09,107.6,120,404,,,2.6,3.81,,,,314,,,2.741,651.9,0,0,0° 0.000' N,0° 0.000' E,0.14,,42.35,39.84,38.43,,
20190902,To,,0,60,1200,231,150,2019-09-02,11:09:58,1.6,,,288,92.4,-0.35,0,81.69,125.8,44.16,0.351,0.356,0.0811,5.07,107.9,120.9,401,,,2.59,3.8,,,,315.9,,,2.747,653.5,0,0,0° 0.000' N,0° 0.000' E,0.16,,42.4,39.89,38.43,,
20190902,To,,0,60,1200,232,150,2019-09-02,11:10:08,1.6,,,288,92.6,-0.35,0,81.69,126.6,44.92,0.355,0.357,0.082,5.13,108,120.5,403,,,2.57,3.777,,,,312.2,,,2.717,653.5,0,0,0° 0.000' N,0° 0.000' E,0.14,,42.35,39.89,38.43,,
20190902,To,,0,60,1200,233,150,2019-09-02,11:10:18,1.6,,,288,92.8,-0.35,0,81.9,126.6,44.68,0.353,0.348,0.0813,5.08,108.3,121.2,402,,,2.57,3.778,,,,315.9,,,2.738,655.2,0,0,0° 0.000' N,0° 0.000' E,0.19,,42.4,39.84,38.43,,
20190902,To,,0,60,1200,234,150,2019-09-02,11:10:28,1.6,,,288,93,-0.35,0,81.66,126.8,45.16,0.356,0.356,0.0822,5.14,108.5,122.1,396,,,2.56,3.77,,,,311.6,,,2.706,653.3,0,0,0° 0.000' N,0° 0.000' E,0.19,,42.35,39.89,38.43,,
20190902,To,,,,,,,,,,,,,,,,81.686,,,0.3532,,,5.102,,,,,,,,,,,,,,,,,,,,,,,,,,
20190902,To,To(+) 60min,1,60,1200,235,150,2019-09-02,11:11:51,1.6,,,288,66.6,-0.35,0,72.75,80.17,7.419,0.093,0.096,0.0742,4.64,77.53,80.04,380,,,4.63,5.965,,,,307.5,,,9.276,582,0,0,0° 0.000' N,0° 0.000' E,0.18,,42.29,39.68,38.38,,
20190902,To,,1,60,1200,236,150,2019-09-02,11:12:15,1.6,,,288,68.1,-0.35,0,74.5,82.3,7.802,0.095,0.099,0.0724,4.52,79.41,81.99,394,,,4.49,5.81,,,,322.6,,,9.273,596,0,0,0° 0.000' N,0° 0.000' E,0.2,,42.29,39.74,38.38,,
20190902,To,,1,60,1200,237,150,2019-09-02,11:12:25,1.6,,,288,69,-0.35,0,75.71,83.76,8.057,0.096,0.1,0.0715,4.47,80.67,83.23,395,,,4.39,5.709,,,,331.9,,,9.288,605.6,0,0,0° 0.000' N,0° 0.000' E,0.2,,42.35,39.79,38.38,,
20190902,To,,1,60,1200,238,150,2019-09-02,11:12:35,1.6,,,288,70.3,-0.35,0,76.98,85.35,8.37,0.098,0.102,0.0765,4.78,82.4,84.67,403,,,4.29,5.602,,,,315.3,,,9.263,615.9,0,0,0° 0.000' N,0° 0.000' E,0.2,,42.24,39.79,38.33,,
20190902,To,,1,60,1200,239,150,2019-09-02,11:12:45,1.6,,,288,71.8,-0.35,0,78.96,87.55,8.587,0.098,0.102,0.0722,4.51,84.12,87.35,386,,,4.16,5.462,,,,342.9,,,9.5,631.7,0,0,0° 0.000' N,0° 0.000' E,0.18,,42.29,39.74,38.38,,
20190902,To,,1,60,1200,240,150,2019-09-02,11:12:55,1.6,,,288,73.4,-0.35,0,80.7,89.67,8.964,0.1,0.104,0.0763,4.77,86.12,89.73,360,,,4.04,5.333,,,,331.6,,,9.526,645.6,0,0,0° 0.000' N,0° 0.000' E,0.2,,42.29,39.79,38.43,,
20190902,To,,1,60,1200,241,150,2019-09-02,11:13:05,1.6,,,288,74.9,-0.35,0,82.22,91.84,9.622,0.105,0.109,0.0782,4.88,88.42,91.27,392,,,3.92,5.206,,,,329.8,,,9.26,657.8,0,0,0° 0.000' N,0° 0.000' E,0.2,,42.29,39.84,38.38,,
20190902,To,,1,60,1200,242,150,2019-09-02,11:13:15,1.6,,,288,76.4,-0.33,0,84.13,93.89,9.762,0.104,0.108,0.0778,4.86,90.55,93.39,375,,,3.81,5.093,,,,338.9,,,9.548,673,0,0,0° 0.000' N,0° 0.000' E,0.2,,42.29,39.79,38.43,,
20190902,To,,1,60,1200,243,150,2019-09-02,11:13:25,1.6,,,288,77.9,-0.35,0,85.68,95.78,10.11,0.106,0.11,0.0802,5.01,92.14,95.16,388,,,3.71,4.992,,,,335,,,9.58,685.4,0,0,0° 0.000' N,0° 0.000' E,0.16,,42.35,39.84,38.38,,
20190902,To,,1,60,1200,244,150,2019-09-02,11:13:35,1.6,,,288,79.2,-0.35,0,87.44,97.6,10.16,0.104,0.108,0.0799,5,93.91,97.25,364,,,3.63,4.899,,,,343,,,9.913,699.5,0,0,0° 0.000' N,0° 0.000' E,0.22,,42.35,39.84,38.38,,
20190902,To,,1,60,1200,245,150,2019-09-02,11:13:45,1.6,,,288,80.5,-0.35,0,88.64,99.49,10.85,0.109,0.113,0.0807,5.04,95.68,99.32,365,,,3.54,4.806,,,,344.5,,,9.596,709.2,0,0,0° 0.000' N,0° 0.000' E,0.17,,42.35,39.79,38.38,,
20190902,To,,1,60,1200,246,150,2019-09-02,11:13:55,1.6,,,288,81.7,-0.35,0,89.89,101.2,11.31,0.112,0.116,0.0826,5.16,97.19,100.6,377,,,3.46,4.725,,,,341.4,,,9.492,719.1,0,0,0° 0.000' N,0° 0.000' E,0.18,,42.35,39.84,38.43,,
20190902,To,,1,60,1200,247,150,2019-09-02,11:14:05,1.6,,,288,82.9,-0.35,0,91.44,102.9,11.49,0.112,0.116,0.0798,4.99,98.72,102.6,364,,,3.39,4.646,,,,359.3,,,9.669,731.5,0,0,0° 0.000' N,0° 0.000' E,0.16,,42.35,39.84,38.43,,
20190902,To,,1,60,1200,248,150,2019-09-02,11:14:15,1.6,,,288,84,-0.35,0,92.68,104.5,11.78,0.113,0.117,0.0821,5.13,100.3,103.7,380,,,3.32,4.578,,,,354.1,,,9.696,741.4,0,0,0° 0.000' N,0° 0.000' E,0.21,,42.35,39.84,38.33,,
20190902,To,,1,60,1200,249,150,2019-09-02,11:14:25,1.6,,,288,85.1,-0.35,0,93.74,105.8,12.08,0.114,0.119,0.0859,5.37,101.7,105.9,343,,,3.27,4.518,,,,342.2,,,9.689,750,0,0,0° 0.000' N,0° 0.000' E,0.18,,42.35,39.84,38.38,,
20190902,To,,1,60,1200,250,150,2019-09-02,11:14:35,1.6,,,288,86.2,-0.35,0,95.01,107.3,12.31,0.115,0.119,0.086,5.37,103,107.1,346,,,3.21,4.456,,,,346.5,,,9.772,760,0,0,0° 0.000' N,0° 0.000' E,0.17,,42.29,39.84,38.43,,
20190902,To,,1,60,1200,251,150,2019-09-02,11:14:45,1.6,,,288,87.2,-0.35,0,96.21,109,12.75,0.117,0.122,0.083,5.19,104.4,108.8,358,,,3.14,4.389,,,,363.5,,,9.704,769.7,0,0,0° 0.000' N,0° 0.000' E,0.11,,42.29,39.89,38.43,,
20190902,To,,1,60,1200,252,150,2019-09-02,11:14:55,1.6,,,288,88.2,-0.35,0,97.07,110.1,13.07,0.119,0.123,0.0896,5.6,105.8,109.7,346,,,3.1,4.342,,,,339.6,,,9.657,776.6,0,0,0° 0.000' N,0° 0.000' E,0.17,,42.29,39.84,38.43,,
20190902,To,,1,60,1200,253,150,2019-09-02,11:15:05,1.6,,,288,89.1,-0.35,0,98.16,111.4,13.29,0.119,0.124,0.087,5.44,106.8,111.4,340,,,3.05,4.291,,,,353.5,,,9.715,785.3,0,0,0° 0.000' N,0° 0.000' E,0.17,,42.35,39.84,38.43,,
20190902,To,,1,60,1200,254,150,2019-09-02,11:15:15,1.6,,,288,89.9,-0.35,0,99.19,112.7,13.49,0.12,0.125,0.0872,5.45,107.9,112.5,344,,,3.01,4.244,,,,356.6,,,9.776,793.5,0,0,0° 0.000' N,0° 0.000' E,0.12,,42.35,39.89,38.38,,
20190902,To,,1,60,1200,255,150,2019-09-02,11:15:25,1.6,,,288,90.8,-0.35,0,100.2,113.8,13.61,0.12,0.124,0.0858,5.36,109,113.3,359,,,2.97,4.201,,,,366.1,,,9.887,801.6,0,0,0° 0.000' N,0° 0.000' E,0.14,,42.35,39.84,38.43,,
20190902,To,,1,60,1200,256,150,2019-09-02,11:15:35,1.6,,,288,91.6,-0.35,0,100.9,114.8,13.94,0.121,0.126,0.0882,5.51,110.1,113.7,371,,,2.93,4.165,,,,358.6,,,9.804,807,0,0,0° 0.000' N,0° 0.000' E,0.14,,42.35,39.84,38.38,,
20190902,To,,1,60,1200,257,150,2019-09-02,11:15:45,1.6,,,288,92.3,-0.35,0,101.8,116.1,14.35,0.124,0.125,0.0902,5.64,110.9,115.3,348,,,2.89,4.117,,,,353.9,,,9.725,814.4,0,0,0° 0.000' N,0° 0.000' E,0.13,,42.29,39.84,38.38,,
20190902,To,,1,60,1200,258,150,2019-09-02,11:15:55,1.6,,,288,92.9,-0.35,0,102.5,116.8,14.33,0.123,0.128,0.0879,5.49,112,116.1,355,,,2.87,4.092,,,,365.7,,,9.86,820.1,0,0,0° 0.000' N,0° 0.000' E,0.16,,42.35,39.84,38.38,,
20190902,To,,1,60,1200,259,150,2019-09-02,11:16:05,1.6,,,288,93.6,-0.35,0,103.6,118.1,14.48,0.123,0.124,0.0871,5.44,112.7,116.6,369,,,2.82,4.049,,,,372.9,,,9.974,828.9,0,0,0° 0.000' N,0° 0.000' E,0.15,,42.35,39.84,38.38,,
20190902,To,,1,60,1200,260,150,2019-09-02,11:16:15,1.6,,,288,94.2,-0.35,0,104,118.8,14.87,0.125,0.126,0.0911,5.69,113.6,118.6,327,,,2.8,4.024,,,,357.8,,,9.809,831.8,0,0,0° 0.000' N,0° 0.000' E,0.14,,42.35,39.84,38.38,,
20190902,To,,1,60,1200,261,150,2019-09-02,11:16:25,1.6,,,288,94.8,-0.35,0,104.4,119.2,14.8,0.124,0.129,0.0924,5.78,114.3,118.9,335,,,2.79,4.011,,,,354.2,,,9.921,835.2,0,0,0° 0.000' N,0° 0.000' E,0.13,,42.35,39.89,38.38,,
20190902,To,,1,60,1200,262,150,2019-09-02,11:16:35,1.6,,,288,95.3,-0.35,0,105.2,120.1,14.97,0.125,0.13,0.0884,5.52,114.9,119.6,348,,,2.76,3.981,,,,373,,,9.954,841.2,0,0,0° 0.000' N,0° 0.000' E,0.13,,42.35,39.89,38.43,,
20190902,To,,1,60,1200,263,150,2019-09-02,11:16:45,1.6,,,288,95.8,-0.33,0,105.9,121.2,15.34,0.127,0.128,0.0898,5.61,115.5,120.6,335,,,2.73,3.946,,,,369.6,,,9.87,846.8,0,0,0° 0.000' N,0° 0.000' E,0.16,,42.35,39.84,38.43,,
20190902,To,,1,60,1200,264,150,2019-09-02,11:16:55,1.6,,,288,96.3,-0.35,0,106.3,121.4,15.12,0.124,0.129,0.0899,5.62,116.3,121,341,,,2.72,3.938,,,,370.9,,,10.08,850.6,0,0,0° 0.000' N,0° 0.000' E,0.12,,42.35,39.84,38.43,,
20190902,To,,1,60,1200,265,150,2019-09-02,11:17:05,1.6,,,288,96.8,-0.33,0,106.7,122.4,15.71,0.128,0.13,0.0921,5.76,116.8,122.1,325,,,2.69,3.906,,,,363.3,,,9.817,853.8,0,0,0° 0.000' N,0° 0.000' E,0.13,,42.35,39.84,38.43,,
20190902,To,,1,60,1200,266,150,2019-09-02,11:17:15,1.6,,,288,97.2,-0.35,0,107.2,122.7,15.54,0.127,0.132,0.0923,5.77,117.5,122.2,338,,,2.68,3.897,,,,363.8,,,9.987,857.3,0,0,0° 0.000' N,0° 0.000' E,0.11,,42.4,39.84,38.38,,
20190902,To,,1,60,1200,267,150,2019-09-02,11:17:25,1.6,,,288,97.6,-0.35,0,107.6,123.3,15.68,0.127,0.132,0.0937,5.86,118.1,122.6,340,,,2.66,3.878,,,,360,,,9.984,861,0,0,0° 0.000' N,0° 0.000' E,0.14,,42.35,39.84,38.43,,
20190902,To,,1,60,1200,268,150,2019-09-02,11:17:35,1.6,,,288,98.1,-0.35,0,108.2,124.4,16.2,0.13,0.132,0.0933,5.83,118.5,123.1,339,,,2.63,3.845,,,,363.3,,,9.799,865.4,0,0,0° 0.000' N,0° 0.000' E,0.17,,42.35,39.84,38.43,,
20190902,To,,1,60,1200,269,150,2019-09-02,11:17:45,1.6,,,288,98.5,-0.35,0,108.7,124.5,15.77,0.127,0.132,0.0918,5.74,119.2,123.9,340,,,2.63,3.842,,,,371,,,10.12,869.5,0,0,0° 0.000' N,0° 0.000' E,0.13,,42.35,39.84,38.43,,
20190902,To,,1,60,1200,270,150,2019-09-02,11:17:55,1.6,,,288,98.8,-0.35,0,109.1,125.1,16.05,0.128,0.133,0.0914,5.72,119.7,124.6,336,,,2.61,3.822,,,,373.9,,,10.03,872.5,0,0,0° 0.000' N,0° 0.000' E,0.17,,42.35,39.84,38.43,,
20190902,To,,1,60,1200,271,150,2019-09-02,11:18:05,1.6,,,288,99.3,-0.35,0,109.7,126.1,16.42,0.13,0.132,0.091,5.69,120.4,124.9,345,,,2.58,3.793,,,,377.7,,,9.938,877.3,0,0,0° 0.000' N,0° 0.000' E,0.15,,42.35,39.84,38.43,,
20190902,To,,1,60,1200,272,150,2019-09-02,11:18:15,1.6,,,288,99.6,-0.35,0,109.9,126.2,16.28,0.129,0.134,0.091,5.69,120.6,125.9,335,,,2.58,3.791,,,,378.6,,,10.04,878.9,0,0,0° 0.000' N,0° 0.000' E,0.21,,42.35,39.84,38.43,,
20190902,To,,1,60,1200,273,150,2019-09-02,11:18:25,1.6,,,288,100,-0.35,0,110.7,127.1,16.36,0.129,0.13,0.0912,5.7,121.2,126.1,336,,,2.55,3.762,,,,380.6,,,10.15,885.9,0,0,0° 0.000' N,0° 0.000' E,0.14,,42.35,39.84,38.43,,
20190902,To,,1,60,1200,274,150,2019-09-02,11:18:35,1.6,,,288,100.3,-0.35,0,110.8,127.2,16.44,0.129,0.134,0.0919,5.74,121.6,126.3,344,,,2.55,3.759,,,,378,,,10.12,886.2,0,0,0° 0.000' N,0° 0.000' E,0.18,,42.35,39.89,38.38,,
20190902,To,,1,60,1200,275,150,2019-09-02,11:18:45,1.6,,,288,100.8,-0.35,0,111.2,128.1,16.93,0.132,0.134,0.0929,5.8,122.1,127.5,325,,,2.52,3.732,,,,375.4,,,9.933,889.6,0,0,0° 0.000' N,0° 0.000' E,0.17,,42.35,39.84,38.43,,
20190902,To,,1,60,1200,276,150,2019-09-02,11:18:55,1.6,,,288,101.1,-0.35,0,111.8,128.7,16.92,0.131,0.133,0.0903,5.64,122.4,127.8,340,,,2.51,3.716,,,,388.2,,,10.03,894.2,0,0,0° 0.000' N,0° 0.000' E,0.16,,42.35,39.84,38.43,,
20190902,To,,1,60,1200,277,150,2019-09-02,11:19:05,1.6,,,288,101.4,-0.35,0,112.1,128.7,16.65,0.129,0.135,0.091,5.69,123.2,127.7,353,,,2.51,3.714,,,,386,,,10.22,896.7,0,0,0° 0.000' N,0° 0.000' E,0.15,,42.35,39.89,38.43,,
20190902,To,,1,60,1200,278,150,2019-09-02,11:19:15,1.6,,,288,101.8,-0.35,0,112.2,129.5,17.29,0.134,0.135,0.096,6,123.4,128.9,321,,,2.49,3.693,,,,366.3,,,9.917,897.7,0,0,0° 0.000' N,0° 0.000' E,0.16,,42.35,39.84,38.43,,
20190902,To,,1,60,1200,279,150,2019-09-02,11:19:25,1.6,,,288,102.2,-0.33,0,112.6,129.6,16.98,0.131,0.136,0.0942,5.89,124.1,130,315,,,2.49,3.69,,,,374.8,,,10.14,900.7,0,0,0° 0.000' N,0° 0.000' E,0.11,,42.35,39.89,38.43,,
20190902,To,,1,60,1200,280,150,2019-09-02,11:19:35,1.6,,,288,102.5,-0.33,0,113.2,130.6,17.4,0.133,0.135,0.0924,5.77,124.4,129.3,344,,,2.46,3.66,,,,384.3,,,10.03,905.9,0,0,0° 0.000' N,0° 0.000' E,0.13,,42.35,39.84,38.43,,
20190902,To,,1,60,1200,281,150,2019-09-02,11:19:45,1.6,,,288,102.8,-0.35,0,113.4,131,17.58,0.134,0.136,0.0948,5.93,124.9,129.6,342,,,2.45,3.65,,,,374.9,,,9.969,907.3,0,0,0° 0.000' N,0° 0.000' E,0.16,,42.35,39.89,38.48,,
20190902,To,,1,60,1200,282,150,2019-09-02,11:19:55,1.6,,,288,103.2,-0.35,0,113.9,131.1,17.18,0.131,0.136,0.0916,5.73,125.1,130.1,350,,,2.44,3.647,,,,389.9,,,10.26,911.4,0,0,0° 0.000' N,0° 0.000' E,0.16,,42.35,39.84,38.43,,
20190902,To,,1,60,1200,283,150,2019-09-02,11:20:05,1.6,,,288,103.5,-0.33,0,114.1,131.5,17.39,0.132,0.138,0.0946,5.91,125.7,129.8,359,,,2.43,3.636,,,,378.2,,,10.18,913,0,0,0° 0.000' N,0° 0.000' E,0.15,,42.35,39.89,38.43,,
20190902,To,,1,60,1200,284,150,2019-09-02,11:20:15,1.6,,,288,103.8,-0.35,0,114.5,132.4,17.93,0.135,0.137,0.096,6,126.2,131,337,,,2.41,3.611,,,,373.9,,,9.974,915.9,0,0,0° 0.000' N,0° 0.000' E,0.17,,42.35,39.89,38.43,,
20190902,To,,1,60,1200,285,150,2019-09-02,11:20:25,1.6,,,288,104.1,-0.33,0,115,132.9,17.91,0.135,0.137,0.0945,5.91,126.4,131.4,338,,,2.4,3.597,,,,381.5,,,10.07,920.2,0,0,0° 0.000' N,0° 0.000' E,0.13,,42.35,39.89,38.43,,
20190902,To,,1,60,1200,286,150,2019-09-02,11:20:35,1.6,,,288,104.5,-0.33,0,115.6,133.4,17.8,0.133,0.135,0.0918,5.74,126.9,132.4,335,,,2.38,3.584,,,,394.9,,,10.22,925,0,0,0° 0.000' N,0° 0.000' E,0.17,,42.35,39.89,38.43,,
20190902,To,,1,60,1200,287,150,2019-09-02,11:20:45,1.6,,,288,104.8,-0.35,0,115.9,133.9,18,0.134,0.136,0.0923,5.77,127.3,131.8,353,,,2.37,3.571,,,,393.7,,,10.18,927.3,0,0,0° 0.000' N,0° 0.000' E,0.14,,42.35,39.84,38.43,,
20190902,To,,1,60,1200,288,150,2019-09-02,11:20:55,1.6,,,288,105.1,-0.33,0,116,134.2,18.2,0.136,0.137,0.095,5.94,127.6,133.3,330,,,2.36,3.562,,,,382.9,,,10.1,928.3,0,0,0° 0.000' N,0° 0.000' E,0.13,,42.35,39.89,38.43,,
20190902,To,,1,60,1200,289,150,2019-09-02,11:21:05,1.6,,,288,105.4,-0.35,0,116.4,134.8,18.33,0.136,0.138,0.0939,5.87,128.1,133.8,331,,,2.35,3.548,,,,388.6,,,10.1,931.5,0,0,0° 0.000' N,0° 0.000' E,0.17,,42.35,39.84,38.43,,
20190902,To,,1,60,1200,290,150,2019-09-02,11:21:15,1.6,,,288,105.8,-0.35,0,116.8,135,18.21,0.135,0.137,0.0969,6.06,128.9,134.4,318,,,2.34,3.541,,,,377.8,,,10.22,934.5,0,0,0° 0.000' N,0° 0.000' E,0.14,,42.35,39.89,38.43,,
20190902,To,,1,60,1200,291,150,2019-09-02,11:21:25,1.6,,,288,106.1,-0.35,0,117.2,135.4,18.25,0.135,0.137,0.0971,6.07,129,134.4,324,,,2.33,3.531,,,,378.4,,,10.26,937.4,0,0,0° 0.000' N,0° 0.000' E,0.18,,42.35,39.84,38.43,,
20190902,To,,1,60,1200,292,150,2019-09-02,11:21:35,1.6,,,288,106.4,-0.35,0,117.5,136,18.58,0.137,0.138,0.0955,5.97,129.7,134.7,334,,,2.32,3.515,,,,385.7,,,10.15,939.7,0,0,0° 0.000' N,0° 0.000' E,0.14,,42.35,39.89,38.43,,
20190902,To,,1,60,1200,293,150,2019-09-02,11:21:45,1.6,,,288,106.7,-0.35,0,117.7,136.5,18.84,0.138,0.14,0.0951,5.94,129.9,135.4,330,,,2.31,3.502,,,,388,,,10.07,941.5,0,0,0° 0.000' N,0° 0.000' E,0.2,,42.35,39.84,38.43,,
20190902,To,,1,60,1200,294,150,2019-09-02,11:21:55,1.6,,,288,107.1,-0.35,0,118.1,136.8,18.66,0.136,0.138,0.0985,6.16,130.3,135.6,320,,,2.3,3.496,,,,376,,,10.22,945,0,0,0° 0.000' N,0° 0.000' E,0.16,,42.4,39.84,38.38,,
20190902,To,,1,60,1200,295,150,2019-09-02,11:22:05,1.6,,,288,107.3,-0.35,0,118.6,137.3,18.71,0.136,0.138,0.0958,5.99,130.9,136,335,,,2.29,3.483,,,,388,,,10.27,948.6,0,0,0° 0.000' N,0° 0.000' E,0.16,,42.35,39.84,38.38,,
20190902,To,,,,,,,,,,,,,,,,117.82,,,0.1364,,,6.026,,,,,,,,,,,,,,,,,,,,,,,,,,
20190902,To,To(-) 120min,0,120,1200,403,150,2019-09-02,12:08:04,1.6,,,278,62,-0.35,0,80.51,102.4,21.85,0.213,0.213,0.0654,4.08,93.01,99.76,444,,,3.41,4.671,,,,386.2,,,4.451,644.1,0,0,0° 0.000' N,0° 0.000' E,0.18,,42.29,39.79,38.43,,
20190902,To,,0,120,1200,404,150,2019-09-02,12:08:35,1.6,,,278,64.5,-0.33,0,82.63,107.3,24.68,0.23,0.209,0.0669,4.18,97.21,104.2,456,,,3.21,4.456,,,,387,,,4.239,661,0,0,0° 0.000' N,0° 0.000' E,0.18,,42.29,39.74,38.43,,
20190902,To,,0,120,1200,405,150,2019-09-02,12:08:55,1.6,,,278,66.3,-0.35,0,84.59,111,26.37,0.238,0.231,0.0697,4.36,100.2,108,440,,,3.07,4.309,,,,380.4,,,4.201,676.7,0,0,0° 0.000' N,0° 0.000' E,0.2,,42.35,39.74,38.38,,
20190902,To,,0,120,1200,406,150,2019-09-02,12:09:15,1.6,,,278,68,-0.35,0,86.85,114.7,27.83,0.243,0.233,0.0694,4.34,103.2,111.4,439,,,2.94,4.17,,,,392.2,,,4.223,694.8,0,0,0° 0.000' N,0° 0.000' E,0.12,,42.29,39.79,38.43,,
20190902,To,,0,120,1200,407,150,2019-09-02,12:10:10,1.6,,,278,70.3,-0.35,0,88.53,119.1,30.61,0.257,0.236,0.0704,4.4,106.7,116.2,435,,,2.79,4.014,,,,394,,,4.066,708.3,0,0,0° 0.000' N,0° 0.000' E,0.18,,42.29,39.74,38.43,,
20190902,To,,0,120,1200,408,150,2019-09-02,12:10:20,1.6,,,278,71.5,-0.35,0,89.83,121.7,31.89,0.262,0.231,0.0727,4.55,108.8,119,412,,,2.71,3.929,,,,387.2,,,4.046,718.7,0,0,0° 0.000' N,0° 0.000' E,0.17,,42.29,39.79,38.38,,
20190902,To,,0,120,1200,409,150,2019-09-02,12:10:30,1.6,,,278,73,-0.35,0,91.85,124.8,32.96,0.264,0.271,0.0724,4.53,111.4,120.7,440,,,2.62,3.831,,,,397.7,,,4.104,734.8,0,0,0° 0.000' N,0° 0.000' E,0.16,,42.29,39.79,38.38,,
20190902,To,,0,120,1200,410,150,2019-09-02,12:10:40,1.6,,,278,74.5,-0.35,0,93.53,128,34.49,0.269,0.259,0.0729,4.56,113.9,124.9,414,,,2.53,3.735,,,,402,,,4.097,748.2,0,0,0° 0.000' N,0° 0.000' E,0.14,,42.29,39.79,38.38,,
20190902,To,,0,120,1200,411,150,2019-09-02,12:10:50,1.6,,,278,76,-0.35,0,95.09,131.1,36.02,0.275,0.271,0.0736,4.6,116.1,127.3,416,,,2.44,3.647,,,,405.2,,,4.084,760.7,0,0,0° 0.000' N,0° 0.000' E,0.16,,42.29,39.84,38.38,,
20190902,To,,0,120,1200,412,150,2019-09-02,12:11:00,1.6,,,278,77.4,-0.35,0,96.37,134.2,37.87,0.282,0.241,0.0729,4.56,118.5,129.8,417,,,2.36,3.562,,,,414.2,,,4.031,770.9,0,0,0° 0.000' N,0° 0.000' E,0.14,,42.29,39.84,38.43,,
20190902,To,,0,120,1200,413,150,2019-09-02,12:11:10,1.6,,,278,78.7,-0.35,0,97.67,136.7,38.99,0.285,0.27,0.0751,4.69,120.8,132.9,409,,,2.3,3.499,,,,407.8,,,4.039,781.4,0,0,0° 0.000' N,0° 0.000' E,0.18,,42.35,39.89,38.43,,
20190902,To,,0,120,1200,414,150,2019-09-02,12:11:20,1.6,,,278,80,-0.35,0,98.98,139.3,40.3,0.289,0.274,0.0759,4.74,123.1,135.8,401,,,2.24,3.433,,,,409,,,4.036,791.8,0,0,0° 0.000' N,0° 0.000' E,0.11,,42.29,39.84,38.43,,
20190902,To,,0,120,1200,415,150,2019-09-02,12:11:30,1.6,,,278,81.1,-0.35,0,100.2,141.7,41.49,0.293,0.293,0.0764,4.78,124.7,137.6,410,,,2.19,3.375,,,,411.1,,,4.039,801.7,0,0,0° 0.000' N,0° 0.000' E,0.17,,42.35,39.84,38.43,,
20190902,To,,0,120,1200,416,150,2019-09-02,12:11:40,1.6,,,278,82.3,-0.35,0,101.2,144.2,43.02,0.298,0.282,0.0766,4.79,126.7,139.8,405,,,2.13,3.316,,,,414.2,,,4.003,809.5,0,0,0° 0.000' N,0° 0.000' E,0.15,,42.35,39.89,38.38,,
20190902,To,,0,120,1200,417,150,2019-09-02,12:11:50,1.6,,,278,83.3,-0.35,0,102.4,146.3,43.96,0.3,0.304,0.077,4.81,128.3,141.3,413,,,2.09,3.267,,,,416.9,,,4.022,819.1,0,0,0° 0.000' N,0° 0.000' E,0.16,,42.4,39.84,38.48,,
20190902,To,,0,120,1200,418,150,2019-09-02,12:12:00,1.6,,,278,84.3,-0.35,0,103,148.4,45.37,0.306,0.302,0.0776,4.85,129.7,143.5,408,,,2.04,3.223,,,,416.3,,,3.975,824,0,0,0° 0.000' N,0° 0.000' E,0.15,,42.35,39.84,38.43,,
20190902,To,,0,120,1200,419,150,2019-09-02,12:12:10,1.6,,,278,85.2,-0.33,0,103.9,150.6,46.7,0.31,0.281,0.0767,4.79,131.1,145.9,403,,,2,3.174,,,,425,,,3.956,831.5,0,0,0° 0.000' N,0° 0.000' E,0.15,,42.35,39.89,38.43,,
20190902,To,,0,120,1200,420,150,2019-09-02,12:12:20,1.6,,,278,86,-0.35,0,105.1,152.3,47.16,0.31,0.306,0.0774,4.84,132.9,146.7,411,,,1.97,3.14,,,,425.9,,,4.006,841.1,0,0,0° 0.000' N,0° 0.000' E,0.13,,42.35,39.84,38.48,,
20190902,To,,0,120,1200,421,150,2019-09-02,12:12:30,1.6,,,278,86.8,-0.33,0,105.8,154.1,48.3,0.313,0.297,0.0771,4.82,133.9,149,404,,,1.93,3.102,,,,430.4,,,3.986,846.7,0,0,0° 0.000' N,0° 0.000' E,0.16,,42.4,39.89,38.43,,
20190902,To,,0,120,1200,422,150,2019-09-02,12:12:40,1.6,,,278,87.6,-0.35,0,106.8,155.6,48.82,0.314,0.318,0.0776,4.85,135.4,150,408,,,1.9,3.073,,,,431.2,,,4.017,854.3,0,0,0° 0.000' N,0° 0.000' E,0.15,,42.35,39.89,38.43,,
20190902,To,,0,120,1200,423,150,2019-09-02,12:12:50,1.6,,,278,88.3,-0.35,0,107.2,157.3,50.06,0.318,0.301,0.078,4.87,136.5,151.4,406,,,1.87,3.04,,,,431.2,,,3.975,857.7,0,0,0° 0.000' N,0° 0.000' E,0.12,,42.35,39.89,38.43,,
20190902,To,,0,120,1200,424,150,2019-09-02,12:13:00,1.6,,,278,89,-0.35,0,108,158.7,50.75,0.32,0.307,0.0778,4.86,137.5,152.8,406,,,1.85,3.013,,,,435.1,,,3.983,863.6,0,0,0° 0.000' N,0° 0.000' E,0.19,,42.35,39.89,38.43,,
20190902,To,,0,120,1200,425,150,2019-09-02,12:13:10,1.6,,,278,89.7,-0.35,0,108.4,160.1,51.66,0.323,0.314,0.0778,4.86,138.9,154,408,,,1.82,2.987,,,,436.9,,,3.964,867.3,0,0,0° 0.000' N,0° 0.000' E,0.14,,42.35,39.89,38.43,,
20190902,To,,0,120,1200,426,150,2019-09-02,12:13:20,1.6,,,278,90.3,-0.35,0,109.1,161.3,52.19,0.324,0.328,0.0781,4.88,139.5,155.4,407,,,1.8,2.964,,,,437.8,,,3.98,873,0,0,0° 0.000' N,0° 0.000' E,0.15,,42.4,39.89,38.43,,
20190902,To,,0,120,1200,427,150,2019-09-02,12:13:30,1.6,,,278,90.8,-0.33,0,109.7,162.6,52.93,0.325,0.325,0.0779,4.87,140.7,155.8,414,,,1.78,2.94,,,,441.3,,,3.979,877.8,0,0,0° 0.000' N,0° 0.000' E,0.17,,42.35,39.89,38.48,,
20190902,To,,0,120,1200,428,150,2019-09-02,12:13:40,1.6,,,278,91.3,-0.33,0,109.9,163.7,53.8,0.329,0.32,0.0786,4.91,141.2,157.9,400,,,1.76,2.922,,,,438.5,,,3.944,879,0,0,0° 0.000' N,0° 0.000' E,0.14,,42.4,39.89,38.54,,
20190902,To,,0,120,1200,429,150,2019-09-02,12:13:50,1.6,,,278,91.8,-0.35,0,110.7,164.8,54.14,0.328,0.333,0.0781,4.88,142.1,158.4,408,,,1.74,2.901,,,,444.2,,,3.976,885.4,0,0,0° 0.000' N,0° 0.000' E,0.11,,42.4,39.89,38.43,,
20190902,To,,0,120,1200,430,150,2019-09-02,12:14:00,1.6,,,278,92.3,-0.35,0,110.6,165.9,55.32,0.333,0.32,0.0782,4.89,142.8,159.4,406,,,1.72,2.882,,,,443.6,,,3.916,885,0,0,0° 0.000' N,0° 0.000' E,0.13,,42.4,39.89,38.48,,
20190902,To,,0,120,1200,431,150,2019-09-02,12:14:10,1.6,,,278,92.7,-0.35,0,111,166.8,55.79,0.334,0.321,0.0789,4.93,143.8,160.7,400,,,1.71,2.867,,,,441.3,,,3.917,888.1,0,0,0° 0.000' N,0° 0.000' E,0.1,,42.35,39.95,38.48,,
20190902,To,,0,120,1200,432,150,2019-09-02,12:14:20,1.6,,,278,93.1,-0.35,0,111.7,167.9,56.17,0.335,0.326,0.078,4.88,144.3,161.1,406,,,1.69,2.848,,,,449,,,3.94,893.7,0,0,0° 0.000' N,0° 0.000' E,0.15,,42.4,39.95,38.48,,
20190902,To,,0,120,1200,433,150,2019-09-02,12:14:30,1.6,,,278,93.6,-0.35,0,111.8,168.7,56.94,0.337,0.324,0.0782,4.89,144.9,161.8,408,,,1.68,2.834,,,,448,,,3.91,894.5,0,0,0° 0.000' N,0° 0.000' E,0.2,,42.4,39.89,38.48,,
20190902,To,,0,120,1200,434,150,2019-09-02,12:14:40,1.6,,,278,94,-0.35,0,112.5,169.3,56.82,0.336,0.349,0.079,4.94,145.2,162.6,406,,,1.67,2.824,,,,446.2,,,3.956,900,0,0,0° 0.000' N,0° 0.000' E,0.15,,42.4,39.89,38.43,,
20190902,To,,0,120,1200,435,150,2019-09-02,12:14:50,1.6,,,278,94.4,-0.35,0,112.6,170.3,57.67,0.339,0.334,0.0789,4.93,146.5,163.4,405,,,1.65,2.808,,,,447.4,,,3.922,900.8,0,0,0° 0.000' N,0° 0.000' E,0.14,,42.35,39.95,38.43,,
20190902,To,,0,120,1200,436,150,2019-09-02,12:15:00,1.6,,,278,94.7,-0.35,0,112.7,171.3,58.61,0.342,0.324,0.0785,4.9,146.6,164.4,405,,,1.64,2.791,,,,450.3,,,3.887,901.6,0,0,0° 0.000' N,0° 0.000' E,0.16,,42.4,39.89,38.43,,
20190902,To,,0,120,1200,437,150,2019-09-02,12:15:10,1.6,,,278,95,-0.35,0,113,172,59.03,0.343,0.329,0.0784,4.9,147.4,165.1,405,,,1.63,2.78,,,,451.6,,,3.884,903.7,0,0,0° 0.000' N,0° 0.000' E,0.15,,42.4,39.89,38.48,,
20190902,To,,0,120,1200,438,150,2019-09-02,12:15:20,1.6,,,278,95.4,-0.35,0,113.6,172.8,59.19,0.343,0.338,0.0783,4.9,148,165.7,407,,,1.61,2.768,,,,454.6,,,3.912,908.6,0,0,0° 0.000' N,0° 0.000' E,0.13,,42.4,39.95,38.43,,
20190902,To,,0,120,1200,439,150,2019-09-02,12:15:30,1.6,,,278,95.7,-0.35,0,113.7,173.5,59.73,0.344,0.34,0.0785,4.9,148.4,166.5,406,,,1.6,2.757,,,,454.3,,,3.897,909.8,0,0,0° 0.000' N,0° 0.000' E,0.14,,42.4,39.89,38.48,,
20190902,To,,0,120,1200,440,150,2019-09-02,12:15:40,1.6,,,278,96,-0.35,0,113.9,174.1,60.23,0.346,0.341,0.0788,4.93,148.7,167.5,401,,,1.59,2.746,,,,453.2,,,3.886,911.3,0,0,0° 0.000' N,0° 0.000' E,0.1,,42.4,39.89,38.48,,
20190902,To,,0,120,1200,441,150,2019-09-02,12:15:50,1.6,,,278,96.4,-0.35,0,114.1,175,60.91,0.348,0.334,0.0782,4.89,149.2,167.9,404,,,1.58,2.733,,,,457.2,,,3.867,912.6,0,0,0° 0.000' N,0° 0.000' E,0.17,,42.4,39.95,38.48,,
20190902,To,,0,120,1200,442,150,2019-09-02,12:16:00,1.6,,,278,96.7,-0.35,0,114.6,175.6,61.05,0.348,0.348,0.0785,4.91,149.8,168.6,404,,,1.57,2.723,,,,457.5,,,3.888,916.4,0,0,0° 0.000' N,0° 0.000' E,0.15,,42.45,39.95,38.48,,
20190902,To,,0,120,1200,443,150,2019-09-02,12:16:10,1.6,,,278,96.9,-0.35,0,114.4,176.2,61.77,0.351,0.351,0.0789,4.93,150.2,169.8,400,,,1.56,2.714,,,,454.9,,,3.851,915.4,0,0,0° 0.000' N,0° 0.000' E,0.13,,42.4,39.89,38.54,,
20190902,To,,0,120,1200,444,150,2019-09-02,12:16:20,1.6,,,278,97.2,-0.35,0,114.7,177,62.31,0.352,0.333,0.0785,4.9,150.7,170.1,400,,,1.55,2.702,,,,458.1,,,3.843,917.4,0,0,0° 0.000' N,0° 0.000' E,0.12,,42.45,39.95,38.48,,
20190902,To,,0,120,1200,445,150,2019-09-02,12:16:30,1.6,,,278,97.5,-0.35,0,114.9,177.6,62.71,0.353,0.339,0.0788,4.92,151.3,169.9,405,,,1.54,2.692,,,,457.4,,,3.84,919.2,0,0,0° 0.000' N,0° 0.000' E,0.14,,42.4,39.95,38.43,,
20190902,To,,0,120,1200,446,150,2019-09-02,12:16:40,1.6,,,278,97.8,-0.35,0,115.2,178.4,63.18,0.354,0.335,0.0779,4.87,151.6,170.5,407,,,1.53,2.681,,,,463.6,,,3.838,921.6,0,0,0° 0.000' N,0° 0.000' E,0.16,,42.4,39.95,38.54,,
20190902,To,,0,120,1200,447,150,2019-09-02,12:16:50,1.6,,,278,98,-0.35,0,115.2,178.9,63.77,0.356,0.342,0.0782,4.88,151.9,171.6,406,,,1.52,2.672,,,,462.1,,,3.814,921.5,0,0,0° 0.000' N,0° 0.000' E,0.14,,42.45,39.95,38.43,,
20190902,To,,0,120,1200,448,150,2019-09-02,12:17:00,1.6,,,278,98.3,-0.35,0,115.5,179.4,63.98,0.357,0.347,0.0786,4.91,152.5,171.7,406,,,1.52,2.665,,,,460.6,,,3.822,923.8,0,0,0° 0.000' N,0° 0.000' E,0.12,,42.45,39.95,38.48,,
20190902,To,,0,120,1200,449,150,2019-09-02,12:17:10,1.6,,,278,98.6,-0.35,0,115.7,180,64.3,0.357,0.348,0.0787,4.92,152.8,172,407,,,1.51,2.656,,,,461,,,3.822,925.6,0,0,0° 0.000' N,0° 0.000' E,0.16,,42.4,39.95,38.48,,
20190902,To,,0,120,1200,450,150,2019-09-02,12:17:20,1.6,,,278,98.8,-0.35,0,116,180.4,64.42,0.357,0.357,0.0787,4.92,153.1,173.4,401,,,1.5,2.65,,,,462.2,,,3.835,928.1,0,0,0° 0.000' N,0° 0.000' E,0.12,,42.4,39.95,38.48,,
20190902,To,,0,120,1200,451,150,2019-09-02,12:17:30,1.6,,,278,99,-0.35,0,116.3,181,64.65,0.357,0.357,0.0788,4.92,153.6,174.5,398,,,1.5,2.642,,,,463.1,,,3.843,930.7,0,0,0° 0.000' N,0° 0.000' E,0.12,,42.4,39.95,38.48,,
20190902,To,,0,120,1200,452,150,2019-09-02,12:17:40,1.6,,,278,99.2,-0.35,0,116.3,181.6,65.34,0.36,0.355,0.0788,4.92,153.6,173.7,405,,,1.49,2.633,,,,462.8,,,3.813,930.1,0,0,0° 0.000' N,0° 0.000' E,0.16,,42.4,39.95,38.54,,
20190902,To,,0,120,1200,453,150,2019-09-02,12:17:50,1.6,,,278,99.5,-0.35,0,116.2,182.2,65.97,0.362,0.357,0.0788,4.93,154.5,174.4,404,,,1.48,2.624,,,,462.4,,,3.788,929.9,0,0,0° 0.000' N,0° 0.000' E,0.11,,42.45,39.95,38.54,,
20190902,To,,0,120,1200,454,150,2019-09-02,12:18:00,1.6,,,278,99.6,-0.35,0,116.4,182.5,66.09,0.362,0.362,0.0794,4.96,154.6,174.7,403,,,1.47,2.62,,,,459.8,,,3.793,931.2,0,0,0° 0.000' N,0° 0.000' E,0.17,,42.45,39.95,38.48,,
20190902,To,,0,120,1200,455,150,2019-09-02,12:18:10,1.6,,,278,99.9,-0.35,0,116.7,183,66.35,0.363,0.363,0.0793,4.95,155.1,174.7,407,,,1.47,2.613,,,,461.5,,,3.798,933.4,0,0,0° 0.000' N,0° 0.000' E,0.14,,42.4,40,38.48,,
20190902,To,,0,120,1200,456,150,2019-09-02,12:18:20,1.6,,,278,100.1,-0.35,0,116.5,183.7,67.13,0.366,0.351,0.0789,4.93,155.3,175.5,406,,,1.46,2.604,,,,463,,,3.762,932.2,0,0,0° 0.000' N,0° 0.000' E,0.14,,42.45,39.95,38.54,,
20190902,To,,0,120,1200,457,150,2019-09-02,12:18:30,1.6,,,278,100.3,-0.35,0,116.8,184.1,67.36,0.366,0.361,0.0792,4.95,155.9,176.1,403,,,1.45,2.597,,,,462.1,,,3.766,934.1,0,0,0° 0.000' N,0° 0.000' E,0.1,,42.4,39.95,38.48,,
20190902,To,,0,120,1200,458,150,2019-09-02,12:18:40,1.6,,,278,100.6,-0.35,0,117,184.7,67.69,0.366,0.362,0.0787,4.92,156.2,177,403,,,1.44,2.588,,,,466.2,,,3.769,936.4,0,0,0° 0.000' N,0° 0.000' E,0.13,,42.4,40,38.48,,
20190902,To,,0,120,1200,459,150,2019-09-02,12:18:50,1.6,,,278,100.7,-0.35,0,117.2,185.2,67.99,0.367,0.357,0.0787,4.92,156.4,177.6,400,,,1.44,2.583,,,,466.7,,,3.764,937.3,0,0,0° 0.000' N,0° 0.000' E,0.18,,42.4,39.95,38.48,,
20190902,To,,0,120,1200,460,150,2019-09-02,12:19:00,1.6,,,278,100.9,-0.35,0,116.9,186.2,69.3,0.372,0.355,0.0792,4.95,156.6,176.5,408,,,1.43,2.568,,,,462.6,,,3.707,935.3,0,0,0° 0.000' N,0° 0.000' E,0.12,,42.4,39.95,38.48,,
20190902,To,,0,120,1200,461,150,2019-09-02,12:19:10,1.6,,,278,101.1,-0.35,0,117.3,186,68.69,0.369,0.359,0.0791,4.94,156.9,177.8,402,,,1.43,2.571,,,,465.2,,,3.749,938.5,0,0,0° 0.000' N,0° 0.000' E,0.11,,42.4,39.95,38.48,,
20190902,To,,0,120,1200,462,150,2019-09-02,12:19:20,1.6,,,278,101.3,-0.35,0,117.5,186.4,68.9,0.37,0.37,0.0795,4.97,157.2,177.8,407,,,1.42,2.566,,,,463.2,,,3.748,939.6,0,0,0° 0.000' N,0° 0.000' E,0.14,,42.4,39.95,38.48,,
20190902,To,,0,120,1200,463,150,2019-09-02,12:19:30,1.6,,,278,101.5,-0.35,0,117.8,187,69.2,0.37,0.37,0.0789,4.93,157.7,178.8,405,,,1.42,2.557,,,,468.1,,,3.757,942.5,0,0,0° 0.000' N,0° 0.000' E,0.14,,42.45,39.95,38.48,,
20190902,To,,0,120,1200,464,150,2019-09-02,12:19:40,1.6,,,278,101.7,-0.35,0,117.7,187.4,69.77,0.372,0.362,0.0793,4.95,157.8,178.7,407,,,1.41,2.551,,,,465.3,,,3.73,941.2,0,0,0° 0.000' N,0° 0.000' E,0.14,,42.4,40,38.54,,
20190902,To,,0,120,1200,465,150,2019-09-02,12:19:50,1.6,,,278,101.9,-0.35,0,117.9,189.3,71.39,0.377,0.328,0.0768,4.8,158.2,179.9,405,,,1.39,2.526,,,,481.3,,,3.688,943.1,0,0,0° 0.000' N,0° 0.000' E,0.15,,42.4,40,38.54,,
20190902,To,,0,120,1200,466,150,2019-09-02,12:20:00,1.6,,,278,102.2,-0.35,0,117.9,189.1,71.17,0.376,0.369,0.0791,4.95,158.5,179.8,406,,,1.39,2.529,,,,467.2,,,3.698,943.5,0,0,0° 0.000' N,0° 0.000' E,0.12,,42.4,39.95,38.48,,
20190902,To,,,,,,,,,,,,,,,,117.76,,,0.373,,,4.92,,,,,,,,,,,,,,,,,,,,,,,,,,
20190902,To,To(+) 120min,1,120,1200,467,150,2019-09-02,12:24:06,1.6,,,288,55.4,-0.35,0,61.11,63.9,2.794,0.044,0.045,0.0774,4.84,63.1,63.89,379,,,6.07,7.483,,,,247.6,,,16.49,488.9,0,0,0° 0.000' N,0° 0.000' E,0.23,,42.29,39.79,38.38,,
20190902,To,,1,120,1200,468,150,2019-09-02,12:24:16,1.6,,,288,56.3,-0.35,0,62.44,65.28,2.838,0.043,0.045,0.0684,4.27,64.28,64.68,544,,,5.92,7.325,,,,286.3,,,16.95,499.6,0,0,0° 0.000' N,0° 0.000' E,0.2,,42.35,39.84,38.43,,
20190902,To,,1,120,1200,469,150,2019-09-02,12:24:26,1.6,,,288,57.3,-0.35,0,63.59,66.53,2.942,0.044,0.046,0.0743,4.64,65.58,66.34,418,,,5.79,7.187,,,,268.4,,,16.97,508.7,0,0,0° 0.000' N,0° 0.000' E,0.2,,42.35,39.74,38.38,,
20190902,To,,1,120,1200,470,150,2019-09-02,12:24:36,1.6,,,288,58.3,-0.35,0,65.17,67.86,2.697,0.04,0.041,0.0702,4.39,66.92,67.85,399,,,5.65,7.046,,,,290.9,,,19.35,521.3,0,0,0° 0.000' N,0° 0.000' E,0.21,,42.4,39.84,38.43,,
20190902,To,,1,120,1200,471,150,2019-09-02,12:24:46,1.6,,,288,59.4,-0.35,0,66.32,69.38,3.06,0.044,0.046,0.0747,4.67,68.41,69.41,385,,,5.51,6.892,,,,278.4,,,17.75,530.6,0,0,0° 0.000' N,0° 0.000' E,0.24,,42.35,39.79,38.43,,
20190902,To,,1,120,1200,472,150,2019-09-02,12:24:56,1.6,,,288,60.6,-0.35,0,67.78,71.03,3.25,0.046,0.048,0.0768,4.8,69.96,71.18,344,,,5.36,6.732,,,,276.5,,,17.48,542.2,0,0,0° 0.000' N,0° 0.000' E,0.21,,42.35,39.84,38.43,,
20190902,To,,1,120,1200,473,150,2019-09-02,12:25:06,1.6,,,288,61.9,-0.35,0,69.49,72.66,3.166,0.044,0.045,0.0829,5.18,71.82,72.63,362,,,5.22,6.581,,,,262.9,,,18.82,555.9,0,0,0° 0.000' N,0° 0.000' E,0.19,,42.35,39.84,38.43,,
20190902,To,,1,120,1200,474,150,2019-09-02,12:25:16,1.6,,,288,63.1,-0.35,0,71.06,74.4,3.336,0.045,0.047,0.0686,4.29,73,74.92,336,,,5.07,6.427,,,,324.8,,,18.7,568.5,0,0,0° 0.000' N,0° 0.000' E,0.19,,42.4,39.89,38.43,,
20190902,To,,1,120,1200,475,150,2019-09-02,12:25:26,1.6,,,288,64.3,-0.35,0,72.55,75.98,3.424,0.045,0.047,0.079,4.93,75,75.87,378,,,4.94,6.294,,,,288.1,,,19,580.4,0,0,0° 0.000' N,0° 0.000' E,0.2,,42.35,39.89,38.43,,
20190902,To,,1,120,1200,476,150,2019-09-02,12:25:36,1.6,,,288,65.6,-0.35,0,74.17,77.71,3.546,0.046,0.047,0.0779,4.87,76.51,77.92,349,,,4.81,6.153,,,,298.6,,,19.18,593.3,0,0,0° 0.000' N,0° 0.000' E,0.18,,42.4,39.89,38.43,,
20190902,To,,1,120,1200,477,150,2019-09-02,12:25:46,1.6,,,288,66.8,-0.35,0,75.61,79.4,3.797,0.048,0.05,0.0847,5.3,78.15,79.64,333,,,4.69,6.022,,,,279.8,,,18.66,604.9,0,0,0° 0.000' N,0° 0.000' E,0.14,,42.4,39.89,38.48,,
20190902,To,,1,120,1200,478,150,2019-09-02,12:25:56,1.6,,,288,68,-0.35,0,77.14,80.98,3.843,0.047,0.049,0.0839,5.24,79.71,81.19,324,,,4.58,5.905,,,,288.3,,,19.18,617.1,0,0,0° 0.000' N,0° 0.000' E,0.13,,42.4,39.89,38.48,,
20190902,To,,1,120,1200,479,150,2019-09-02,12:26:06,1.6,,,288,69.2,-0.33,0,78.75,82.62,3.869,0.047,0.049,0.0854,5.34,81.44,83.13,302,,,4.47,5.788,,,,289.1,,,19.84,630,0,0,0° 0.000' N,0° 0.000' E,0.2,,42.35,39.95,38.48,,
20190902,To,,1,120,1200,480,150,2019-09-02,12:26:16,1.6,,,288,70.4,-0.35,0,80.19,84.12,3.936,0.047,0.049,0.084,5.25,83.04,84.07,345,,,4.37,5.684,,,,299.4,,,20.22,641.5,0,0,0° 0.000' N,0° 0.000' E,0.22,,42.4,39.95,38.48,,
20190902,To,,1,120,1200,481,150,2019-09-02,12:26:26,1.6,,,288,71.5,-0.35,0,81.43,85.57,4.139,0.048,0.05,0.0893,5.58,84.3,85.21,372,,,4.28,5.588,,,,286,,,19.87,651.5,0,0,0° 0.000' N,0° 0.000' E,0.22,,42.4,39.89,38.48,,
20190902,To,,1,120,1200,482,150,2019-09-02,12:26:36,1.6,,,288,72.6,-0.35,0,82.91,87.09,4.184,0.048,0.05,0.0812,5.07,85.64,87.81,303,,,4.19,5.49,,,,320.1,,,20.36,663.3,0,0,0° 0.000' N,0° 0.000' E,0.18,,42.4,39.89,38.48,,
20190902,To,,1,120,1200,483,150,2019-09-02,12:26:46,1.6,,,288,73.6,-0.35,0,83.92,88.43,4.509,0.051,0.053,0.0891,5.57,87.01,88.31,360,,,4.11,5.407,,,,295.2,,,19.42,671.4,0,0,0° 0.000' N,0° 0.000' E,0.21,,42.4,39.95,38.48,,
20190902,To,,1,120,1200,484,150,2019-09-02,12:26:56,1.6,,,288,74.5,-0.35,0,85.29,89.75,4.457,0.05,0.052,0.0909,5.68,88.28,89.81,322,,,4.03,5.328,,,,294.3,,,20.27,682.3,0,0,0° 0.000' N,0° 0.000' E,0.2,,42.45,39.89,38.48,,
20190902,To,,1,120,1200,485,150,2019-09-02,12:27:06,1.6,,,288,75.4,-0.35,0,86.39,91.01,4.62,0.051,0.053,0.09,5.62,89.42,92.02,270,,,3.96,5.254,,,,301,,,20.08,691.1,0,0,0° 0.000' N,0° 0.000' E,0.16,,42.45,39.89,38.43,,
20190902,To,,1,120,1200,486,150,2019-09-02,12:27:16,1.6,,,288,76.4,-0.35,0,87.55,92.3,4.755,0.052,0.054,0.0873,5.45,90.91,92.18,351,,,3.89,5.18,,,,314.5,,,20.06,700.4,0,0,0° 0.000' N,0° 0.000' E,0.24,,42.4,39.84,38.48,,
20190902,To,,1,120,1200,487,150,2019-09-02,12:27:26,1.6,,,288,77.2,-0.33,0,88.65,93.38,4.728,0.051,0.053,0.087,5.44,92.03,93.17,374,,,3.84,5.121,,,,319.3,,,20.66,709.2,0,0,0° 0.000' N,0° 0.000' E,0.19,,42.4,39.95,38.54,,
20190902,To,,1,120,1200,488,150,2019-09-02,12:27:36,1.6,,,288,78,-0.35,0,89.67,94.53,4.854,0.051,0.053,0.0907,5.67,92.81,94.39,342,,,3.78,5.059,,,,309.8,,,20.61,717.4,0,0,0° 0.000' N,0° 0.000' E,0.19,,42.4,39.95,38.48,,
20190902,To,,1,120,1200,489,150,2019-09-02,12:27:46,1.6,,,288,78.9,-0.33,0,90.46,95.57,5.115,0.054,0.056,0.0944,5.9,94.11,95.32,354,,,3.73,5.003,,,,300.4,,,19.94,723.6,0,0,0° 0.000' N,0° 0.000' E,0.19,,42.4,40,38.43,,
20190902,To,,1,120,1200,490,150,2019-09-02,12:27:56,1.6,,,288,79.7,-0.35,0,91.81,96.64,4.836,0.05,0.052,0.0905,5.66,95.38,96.81,321,,,3.67,4.948,,,,317.9,,,21.65,734.4,0,0,0° 0.000' N,0° 0.000' E,0.19,,42.4,39.95,38.48,,
20190902,To,,1,120,1200,491,150,2019-09-02,12:28:06,1.6,,,288,80.4,-0.35,0,92.48,97.71,5.228,0.054,0.056,0.0927,5.79,96.23,97.55,342,,,3.62,4.894,,,,312.7,,,20.4,739.8,0,0,0° 0.000' N,0° 0.000' E,0.14,,42.45,40,38.48,,
20190902,To,,1,120,1200,492,150,2019-09-02,12:28:16,1.6,,,288,81.1,-0.35,0,93.61,98.7,5.085,0.052,0.054,0.0873,5.45,97.05,99.07,317,,,3.58,4.845,,,,336.3,,,21.44,748.9,0,0,0° 0.000' N,0° 0.000' E,0.2,,42.45,39.95,38.54,,
20190902,To,,1,120,1200,493,150,2019-09-02,12:28:26,1.6,,,288,81.9,-0.35,0,94.4,99.58,5.176,0.052,0.054,0.0941,5.88,98.18,99.17,360,,,3.54,4.802,,,,314.6,,,21.43,755.2,0,0,0° 0.000' N,0° 0.000' E,0.17,,42.4,39.95,38.48,,
20190902,To,,1,120,1200,494,150,2019-09-02,12:28:36,1.6,,,288,82.5,-0.35,0,94.97,100.6,5.602,0.056,0.058,0.095,5.94,98.83,100.7,323,,,3.49,4.755,,,,313.4,,,20.12,759.8,0,0,0° 0.000' N,0° 0.000' E,0.17,,42.4,39.95,38.48,,
20190902,To,,1,120,1200,495,150,2019-09-02,12:28:46,1.6,,,288,83.2,-0.35,0,95.98,101.4,5.401,0.053,0.055,0.0956,5.97,99.83,101.5,314,,,3.45,4.717,,,,314.8,,,21.26,767.8,0,0,0° 0.000' N,0° 0.000' E,0.22,,42.4,39.95,38.54,,
20190902,To,,1,120,1200,496,150,2019-09-02,12:28:56,1.6,,,288,83.8,-0.35,0,96.82,102.3,5.468,0.053,0.056,0.0956,5.98,100.6,102.1,335,,,3.42,4.675,,,,317.5,,,21.37,774.6,0,0,0° 0.000' N,0° 0.000' E,0.13,,42.4,39.95,38.48,,
20190902,To,,1,120,1200,497,150,2019-09-02,12:29:06,1.6,,,288,84.5,-0.35,0,97.38,103.1,5.711,0.055,0.058,0.1042,6.51,101.6,103.2,293,,,3.38,4.638,,,,293,,,20.74,779,0,0,0° 0.000' N,0° 0.000' E,0.14,,42.35,39.95,38.43,,
20190902,To,,1,120,1200,498,150,2019-09-02,12:29:16,1.6,,,288,85.1,-0.35,0,98.56,104,5.483,0.053,0.055,0.0915,5.72,102.4,103.9,343,,,3.34,4.596,,,,337.7,,,22.07,788.5,0,0,0° 0.000' N,0° 0.000' E,0.2,,42.4,39.89,38.54,,
20190902,To,,1,120,1200,499,150,2019-09-02,12:29:26,1.6,,,288,85.7,-0.35,0,99.42,104.9,5.445,0.052,0.054,0.0937,5.85,103.2,105,314,,,3.31,4.56,,,,332.7,,,22.59,795.3,0,0,0° 0.000' N,0° 0.000' E,0.17,,42.45,39.95,38.48,,
20190902,To,,1,120,1200,500,150,2019-09-02,12:29:36,1.6,,,288,86.4,-0.35,0,100.1,105.6,5.534,0.052,0.054,0.0979,6.12,104.1,106.5,278,,,3.28,4.526,,,,320.7,,,22.55,800.9,0,0,0° 0.000' N,0° 0.000' E,0.2,,42.45,39.95,38.54,,
20190902,To,,1,120,1200,501,150,2019-09-02,12:29:46,1.6,,,288,87,-0.35,0,100.8,106.5,5.725,0.054,0.056,0.0991,6.19,104.8,106.6,312,,,3.24,4.488,,,,319.1,,,22.14,806.6,0,0,0° 0.000' N,0° 0.000' E,0.2,,42.4,39.95,38.54,,
20190902,To,,1,120,1200,502,150,2019-09-02,12:29:56,1.6,,,288,87.6,-0.35,0,101.9,107.4,5.5,0.051,0.053,0.0912,5.7,105.7,107.4,329,,,3.2,4.452,,,,350.3,,,23.49,815.3,0,0,0° 0.000' N,0° 0.000' E,0.2,,42.45,39.95,38.48,,
20190902,To,,1,120,1200,503,150,2019-09-02,12:30:06,1.6,,,288,88.2,-0.33,0,102.2,108.3,6.122,0.057,0.059,0.0951,5.94,106.5,108.5,312,,,3.17,4.416,,,,336.7,,,21.32,817.2,0,0,0° 0.000' N,0° 0.000' E,0.19,,42.45,40,38.54,,
20190902,To,,1,120,1200,504,150,2019-09-02,12:30:16,1.6,,,288,88.8,-0.35,0,103.2,109.3,6.139,0.056,0.054,0.1042,6.51,107.3,108.8,300,,,3.13,4.375,,,,310.3,,,21.68,825.3,0,0,0° 0.000' N,0° 0.000' E,0.16,,42.45,40,38.54,,
20190902,To,,1,120,1200,505,150,2019-09-02,12:30:26,1.6,,,288,89.4,-0.35,0,104,109.8,5.822,0.053,0.055,0.0932,5.82,108.1,109.3,350,,,3.11,4.354,,,,349.9,,,23.15,832,0,0,0° 0.000' N,0° 0.000' E,0.15,,42.45,40.05,38.54,,
20190902,To,,1,120,1200,506,150,2019-09-02,12:30:36,1.6,,,288,90,-0.35,0,104.5,110.6,6.112,0.055,0.057,0.0968,6.05,108.9,110.3,338,,,3.08,4.323,,,,338.4,,,22.32,836,0,0,0° 0.000' N,0° 0.000' E,0.13,,42.4,40,38.54,,
20190902,To,,1,120,1200,507,150,2019-09-02,12:30:46,1.6,,,288,90.6,-0.33,0,105.4,111.3,5.91,0.053,0.055,0.0966,6.04,109.7,111.5,312,,,3.06,4.294,,,,342.1,,,23.44,843.5,0,0,0° 0.000' N,0° 0.000' E,0.21,,42.45,40,38.54,,
20190902,To,,1,120,1200,508,150,2019-09-02,12:30:56,1.6,,,288,91.2,-0.35,0,105.9,112.5,6.589,0.059,0.057,0.1064,6.65,110.4,113.1,256,,,3.02,4.252,,,,311.8,,,21.32,846.9,0,0,0° 0.000' N,0° 0.000' E,0.17,,42.45,40,38.54,,
20190902,To,,1,120,1200,509,150,2019-09-02,12:31:06,1.6,,,288,91.7,-0.35,0,106.7,113.2,6.491,0.057,0.06,0.0917,5.73,111.2,112.5,379,,,2.99,4.225,,,,364.7,,,21.95,853.6,0,0,0° 0.000' N,0° 0.000' E,0.18,,42.45,40,38.54,,
20190902,To,,1,120,1200,510,150,2019-09-02,12:31:16,1.6,,,288,92.3,-0.35,0,107.5,114.1,6.55,0.057,0.056,0.1003,6.27,111.9,113.2,332,,,2.96,4.191,,,,336,,,22.11,860.4,0,0,0° 0.000' N,0° 0.000' E,0.2,,42.4,40,38.54,,
20190902,To,,1,120,1200,511,150,2019-09-02,12:31:26,1.6,,,288,92.8,-0.35,0,108.1,114.4,6.288,0.055,0.057,0.0973,6.08,112.5,113.7,366,,,2.95,4.18,,,,348.3,,,23.21,865,0,0,0° 0.000' N,0° 0.000' E,0.13,,42.45,40.05,38.54,,
20190902,To,,1,120,1200,512,150,2019-09-02,12:31:36,1.6,,,288,93.4,-0.35,0,108.9,115.2,6.275,0.054,0.057,0.1013,6.33,113.5,115.8,271,,,2.92,4.152,,,,337,,,23.58,871,0,0,0° 0.000' N,0° 0.000' E,0.16,,42.45,40,38.54,,
20190902,To,,1,120,1200,513,150,2019-09-02,12:31:46,1.6,,,288,93.9,-0.35,0,109.6,115.9,6.289,0.054,0.056,0.0962,6.01,114,115.5,343,,,2.9,4.125,,,,357.4,,,23.84,877,0,0,0° 0.000' N,0° 0.000' E,0.17,,42.5,40,38.48,,
20190902,To,,1,120,1200,514,150,2019-09-02,12:31:56,1.6,,,288,94.5,-0.35,0,110.3,116.6,6.243,0.054,0.056,0.0983,6.15,114.8,116.5,325,,,2.87,4.102,,,,351.8,,,24.31,882.7,0,0,0° 0.000' N,0° 0.000' E,0.19,,42.45,40,38.48,,
20190902,To,,1,120,1200,515,150,2019-09-02,12:32:06,1.6,,,288,95,-0.35,0,111.1,117.3,6.2,0.053,0.055,0.1001,6.26,115.4,117.6,293,,,2.85,4.076,,,,347.9,,,24.8,888.9,0,0,0° 0.000' N,0° 0.000' E,0.12,,42.45,40,38.54,,
20190902,To,,1,120,1200,516,150,2019-09-02,12:32:16,1.6,,,288,95.5,-0.33,0,111.5,118.1,6.691,0.057,0.059,0.0961,6.01,116,117.7,342,,,2.82,4.047,,,,363.6,,,23.22,891.6,0,0,0° 0.000' N,0° 0.000' E,0.17,,42.4,40,38.54,,
20190902,To,,1,120,1200,517,150,2019-09-02,12:32:26,1.6,,,288,96,-0.33,0,112.3,118.7,6.387,0.054,0.056,0.0985,6.16,116.8,119.3,290,,,2.81,4.029,,,,357.5,,,24.62,898.3,0,0,0° 0.000' N,0° 0.000' E,0.21,,42.45,40,38.54,,
20190902,To,,1,120,1200,518,150,2019-09-02,12:32:36,1.6,,,288,96.5,-0.35,0,112.6,119.5,6.91,0.058,0.06,0.0968,6.05,117.6,119.4,336,,,2.78,4.001,,,,364.8,,,22.98,900.7,0,0,0° 0.000' N,0° 0.000' E,0.14,,42.45,40,38.54,,
20190902,To,,1,120,1200,519,150,2019-09-02,12:32:46,1.6,,,288,97.1,-0.33,0,113.4,120.1,6.691,0.056,0.058,0.1006,6.29,118.2,119.9,328,,,2.76,3.982,,,,353.3,,,24.01,907.1,0,0,0° 0.000' N,0° 0.000' E,0.16,,42.45,40,38.54,,
20190902,To,,1,120,1200,520,150,2019-09-02,12:32:56,1.6,,,288,97.6,-0.35,0,114.2,121.2,6.942,0.057,0.056,0.1002,6.26,118.9,120.8,299,,,2.73,3.947,,,,357.2,,,23.52,913.7,0,0,0° 0.000' N,0° 0.000' E,0.14,,42.45,40,38.54,,
20190902,To,,1,120,1200,521,150,2019-09-02,12:33:06,1.6,,,288,98,-0.35,0,114.6,121.9,7.313,0.06,0.058,0.1049,6.56,119.6,121.2,316,,,2.71,3.923,,,,342.3,,,22.53,916.6,0,0,0° 0.000' N,0° 0.000' E,0.17,,42.45,40,38.54,,
20190902,To,,1,120,1200,522,150,2019-09-02,12:33:16,1.6,,,288,98.6,-0.35,0,115.1,122.2,7.063,0.058,0.06,0.0994,6.21,120.1,122,327,,,2.7,3.913,,,,363.2,,,23.5,921,0,0,0° 0.000' N,0° 0.000' E,0.18,,42.45,40.05,38.54,,
20190902,To,,1,120,1200,523,150,2019-09-02,12:33:26,1.6,,,288,99,-0.35,0,115.8,122.9,7.17,0.058,0.061,0.0974,6.08,120.8,122.8,331,,,2.67,3.89,,,,372.8,,,23.42,926.1,0,0,0° 0.000' N,0° 0.000' E,0.15,,42.45,39.95,38.54,,
20190902,To,,1,120,1200,524,150,2019-09-02,12:33:36,1.6,,,288,99.5,-0.35,0,116.6,123.4,6.777,0.055,0.057,0.1016,6.35,121.4,123,337,,,2.66,3.875,,,,359.8,,,25.06,933.1,0,0,0° 0.000' N,0° 0.000' E,0.14,,42.45,40,38.54,,
20190902,To,,1,120,1200,525,150,2019-09-02,12:33:46,1.6,,,288,100,-0.33,0,117,124.5,7.561,0.061,0.059,0.1048,6.55,122.1,124.9,271,,,2.63,3.84,,,,349.9,,,22.73,935.8,0,0,0° 0.000' N,0° 0.000' E,0.12,,42.4,40,38.54,,
20190902,To,,,,,,,,,,,,,,,,115.82,,,0.0584,,,6.35,,,,,,,,,,,,,,,,,,,,,,,,,,
20190902,To,To(-)R30,0,150,15,526,150,2019-09-02,12:51:57,1.6,,,258,56,-0.35,0,100.7,184.8,84.15,0.455,0.429,0.0707,4.42,143.1,172.2,425,,,1.44,2.587,,,,446.2,,,2.609,805.4,0,0,0° 0.000' N,0° 0.000' E,0.11,,42.35,39.79,38.43,,
20190902,To,,0,150,15,527,150,2019-09-02,12:52:09,1.6,,,258,55.9,-0.33,0,100.3,184.4,84.1,0.456,0.419,0.0705,4.41,143,172.3,423,,,1.45,2.593,,,,446,,,2.597,802.8,0,0,0° 0.000' N,0° 0.000' E,0.11,,42.35,39.79,38.43,,
20190902,To,,0,150,15,528,150,2019-09-02,12:52:19,1.6,,,258,56.1,-0.35,0,100.9,184.7,83.86,0.454,0.424,0.0708,4.42,143.7,172.7,424,,,1.44,2.588,,,,446.9,,,2.623,807.1,0,0,0° 0.000' N,0° 0.000' E,0.13,,42.35,39.79,38.43,,
20190902,To,,0,150,15,529,150,2019-09-02,12:52:29,1.6,,,258,56.2,-0.35,0,101.2,185.7,84.49,0.455,0.429,0.0711,4.44,143.5,173.4,421,,,1.43,2.575,,,,446.2,,,2.624,809.4,0,0,0° 0.000' N,0° 0.000' E,0.18,,42.4,39.84,38.43,,
20190902,To,,0,150,15,530,150,2019-09-02,12:52:40,1.6,,,258,56.2,-0.35,0,101.4,186.1,84.72,0.455,0.423,0.0708,4.43,144,173.2,423,,,1.43,2.569,,,,449,,,2.629,811.3,0,0,0° 0.000' N,0° 0.000' E,0.16,,42.35,39.84,38.43,,
20190902,To,,,,,,,,,,,,,,,,100.9,,,0.455,,,4.424,,,,,,,,,,,,,,,,,,,,,,,,,,
20190902,To,To(+)R30,1,150,15,531,150,2019-09-02,12:53:47,1.6,,,258,57.1,-0.35,0,149,160.5,11.49,0.072,0.071,0.1125,7.03,157,160.7,260,,,1.81,2.979,,,,415.4,,,24.57,1192,0,0,0° 0.000' N,0° 0.000' E,0.14,,42.29,39.79,38.48,,
20190902,To,,1,150,15,532,150,2019-09-02,12:53:59,1.6,,,258,57.2,-0.35,0,149.5,160.7,11.29,0.07,0.069,0.1142,7.13,157.2,159.7,292,,,1.81,2.975,,,,410.5,,,25.12,1196,0,0,0° 0.000' N,0° 0.000' E,0.14,,42.35,39.84,38.43,,
20190902,To,,1,150,15,533,150,2019-09-02,12:54:12,1.6,,,258,57.3,-0.35,0,149.9,161,11.04,0.069,0.067,0.1153,7.21,157.5,162.7,229,,,1.81,2.971,,,,407.6,,,25.79,1199,0,0,0° 0.000' N,0° 0.000' E,0.18,,42.35,39.84,38.43,,
20190902,To,,1,150,15,534,150,2019-09-02,12:54:23,1.6,,,258,57.5,-0.35,0,150.1,161.8,11.72,0.072,0.071,0.1153,7.21,157.7,161.1,278,,,1.79,2.955,,,,408,,,24.45,1201,0,0,0° 0.000' N,0° 0.000' E,0.15,,42.4,39.89,38.43,,
20190902,To,,1,150,15,535,150,2019-09-02,12:54:34,1.6,,,258,57.8,-0.35,0,150.7,162.4,11.76,0.072,0.071,0.1201,7.51,158.9,162.5,252,,,1.78,2.944,,,,393.2,,,24.56,1205,0,0,0° 0.000' N,0° 0.000' E,0.13,,42.4,39.89,38.43,,
20190902,To,,,,,,,,,,,,,,,,149.84,,,0.071,,,7.218,,,,,,,,,,,,,,,,,,,,,,,,,,
20190902,To,To(-)R60,0,180,15,536,150,2019-09-02,13:30:23,1.6,,,258,54,-0.33,0,91.53,181,89.44,0.494,0.453,0.0697,4.36,136.3,167.1,433,,,1.5,2.642,,,,411.4,,,2.185,732.2,0,0,0° 0.000' N,0° 0.000' E,0.17,,42.29,39.79,38.43,,
20190902,To,,0,180,15,537,150,2019-09-02,13:30:36,1.6,,,258,53.9,-0.35,0,91.46,180.7,89.26,0.494,0.459,0.0706,4.41,136.1,166.1,432,,,1.5,2.646,,,,406.1,,,2.185,731.7,0,0,0° 0.000' N,0° 0.000' E,0.13,,42.35,39.79,38.43,,
20190902,To,,0,180,15,538,150,2019-09-02,13:30:46,1.6,,,258,53.7,-0.33,0,91.41,180.3,88.85,0.493,0.437,0.0695,4.34,135.4,166,428,,,1.51,2.653,,,,412.6,,,2.188,731.3,0,0,0° 0.000' N,0° 0.000' E,0.13,,42.35,39.84,38.43,,
20190902,To,,0,180,15,539,150,2019-09-02,13:30:56,1.6,,,258,53.8,-0.33,0,91.54,180.6,89.08,0.493,0.43,0.0694,4.34,135.9,165.5,432,,,1.5,2.647,,,,413.7,,,2.19,732.3,0,0,0° 0.000' N,0° 0.000' E,0.14,,42.35,39.89,38.48,,
20190902,To,,0,180,15,540,150,2019-09-02,13:31:05,1.6,,,258,54,-0.33,0,92.56,180.8,88.22,0.488,0.46,0.0705,4.4,136.5,166.6,430,,,1.5,2.645,,,,411.8,,,2.238,740.5,0,0,0° 0.000' N,0° 0.000' E,0.13,,42.35,39.89,38.54,,
20190902,To,,,,,,,,,,,,,,,,91.7,,,0.4924,,,4.37,,,,,,,,,,,,,,,,,,,,,,,,,,
20190902,To,To(+)R60,1,180,15,541,150,2019-09-02,13:32:07,1.6,,,258,72.5,-0.33,0,192.1,211.1,18.97,0.09,0.09,0.1211,7.57,205.2,211.8,247,,,1.14,2.265,,,,497.2,,,25.23,1537,0,0,0° 0.000' N,0° 0.000' E,0.1,,42.4,39.84,38.48,,
20190902,To,,1,180,15,542,150,2019-09-02,13:32:27,1.6,,,258,71.6,-0.35,0,190,208.3,18.27,0.088,0.087,0.1187,7.42,202.3,207.5,264,,,1.17,2.296,,,,501.7,,,25.56,1520,0,0,0° 0.000' N,0° 0.000' E,0.13,,42.45,39.84,38.54,,
20190902,To,,1,180,15,543,150,2019-09-02,13:32:37,1.6,,,258,71.5,-0.33,0,189.9,208.2,18.35,0.088,0.088,0.1179,7.37,202.4,208,257,,,1.17,2.296,,,,504.8,,,25.43,1519,0,0,0° 0.000' N,0° 0.000' E,0.1,,42.4,39.89,38.48,,
20190902,To,,1,180,15,544,150,2019-09-02,13:32:51,1.6,,,258,71.7,-0.33,0,190.1,208.9,18.8,0.09,0.09,0.1245,7.78,202.7,208.7,243,,,1.16,2.289,,,,478.5,,,24.92,1521,0,0,0° 0.000' N,0° 0.000' E,0.1,,42.45,39.89,38.54,,
20190902,To,,1,180,15,545,150,2019-09-02,13:33:01,1.6,,,258,71.7,-0.33,0,190.5,209,18.46,0.088,0.088,0.1215,7.59,202.6,208.2,254,,,1.16,2.288,,,,491.8,,,25.46,1524,0,0,0° 0.000' N,0° 0.000' E,0.17,,42.4,39.89,38.54,,
,,,,,,,,,,,,,,,,,190.52,,,0.0888,,,7.546,,,,,,,,,,,,,,,,,,,,,,,,,,